Traceback (most recent call last):
  File "/Users/philipyeo/jarvis/server.py", line 1, in <module>
    from flask import Flask, request, jsonify, send_file
ModuleNotFoundError: No module named 'flask'
Traceback (most recent call last):
  File "/Users/philipyeo/jarvis/server.py", line 1, in <module>
    from flask import Flask, request, jsonify, send_file
ModuleNotFoundError: No module named 'flask'
Traceback (most recent call last):
  File "/Users/philipyeo/jarvis/server.py", line 1, in <module>
    from flask import Flask, request, jsonify, send_file
ModuleNotFoundError: No module named 'flask'
Traceback (most recent call last):
  File "/Users/philipyeo/jarvis/server.py", line 1, in <module>
    from flask import Flask, request, jsonify, send_file
ModuleNotFoundError: No module named 'flask'
Traceback (most recent call last):
  File "/Users/philipyeo/jarvis/server.py", line 1, in <module>
    from flask import Flask, request, jsonify, send_file
ModuleNotFoundError: No module named 'flask'
Traceback (most recent call last):
  File "/Users/philipyeo/jarvis/server.py", line 1, in <module>
    from flask import Flask, request, jsonify, send_file
ModuleNotFoundError: No module named 'flask'
Traceback (most recent call last):
  File "/Users/philipyeo/jarvis/server.py", line 1, in <module>
    from flask import Flask, request, jsonify, send_file
ModuleNotFoundError: No module named 'flask'
Traceback (most recent call last):
  File "/Users/philipyeo/jarvis/server.py", line 1, in <module>
    from flask import Flask, request, jsonify, send_file
ModuleNotFoundError: No module named 'flask'
Traceback (most recent call last):
  File "/Users/philipyeo/jarvis/server.py", line 1, in <module>
    from flask import Flask, request, jsonify, send_file
ModuleNotFoundError: No module named 'flask'
Traceback (most recent call last):
  File "/Users/philipyeo/jarvis/server.py", line 1, in <module>
    from flask import Flask, request, jsonify, send_file
ModuleNotFoundError: No module named 'flask'
Traceback (most recent call last):
  File "/Users/philipyeo/jarvis/server.py", line 1, in <module>
    from flask import Flask, request, jsonify, send_file
ModuleNotFoundError: No module named 'flask'
Traceback (most recent call last):
  File "/Users/philipyeo/jarvis/server.py", line 1, in <module>
    from flask import Flask, request, jsonify, send_file
ModuleNotFoundError: No module named 'flask'
Traceback (most recent call last):
  File "/Users/philipyeo/jarvis/server.py", line 1, in <module>
    from flask import Flask, request, jsonify, send_file
ModuleNotFoundError: No module named 'flask'
Traceback (most recent call last):
  File "/Users/philipyeo/jarvis/server.py", line 1, in <module>
    from flask import Flask, request, jsonify, send_file
ModuleNotFoundError: No module named 'flask'
Traceback (most recent call last):
  File "/Users/philipyeo/jarvis/server.py", line 1, in <module>
    from flask import Flask, request, jsonify, send_file
ModuleNotFoundError: No module named 'flask'
Traceback (most recent call last):
  File "/Users/philipyeo/jarvis/server.py", line 1, in <module>
    from flask import Flask, request, jsonify, send_file
ModuleNotFoundError: No module named 'flask'
Traceback (most recent call last):
  File "/Users/philipyeo/jarvis/server.py", line 1, in <module>
    from flask import Flask, request, jsonify, send_file
ModuleNotFoundError: No module named 'flask'
Traceback (most recent call last):
  File "/Users/philipyeo/jarvis/server.py", line 1, in <module>
    from flask import Flask, request, jsonify, send_file
ModuleNotFoundError: No module named 'flask'
Traceback (most recent call last):
  File "/Users/philipyeo/jarvis/server.py", line 1, in <module>
    from flask import Flask, request, jsonify, send_file
ModuleNotFoundError: No module named 'flask'
Traceback (most recent call last):
  File "/Users/philipyeo/jarvis/server.py", line 1, in <module>
    from flask import Flask, request, jsonify, send_file
ModuleNotFoundError: No module named 'flask'
Traceback (most recent call last):
  File "/Users/philipyeo/jarvis/server.py", line 1, in <module>
    from flask import Flask, request, jsonify, send_file
ModuleNotFoundError: No module named 'flask'
Traceback (most recent call last):
  File "/Users/philipyeo/jarvis/server.py", line 1, in <module>
    from flask import Flask, request, jsonify, send_file
ModuleNotFoundError: No module named 'flask'
Traceback (most recent call last):
  File "/Users/philipyeo/jarvis/server.py", line 1, in <module>
    from flask import Flask, request, jsonify, send_file
ModuleNotFoundError: No module named 'flask'
Traceback (most recent call last):
  File "/Users/philipyeo/jarvis/server.py", line 2, in <module>
    from flask_cors import CORS
ModuleNotFoundError: No module named 'flask_cors'
Traceback (most recent call last):
  File "/Users/philipyeo/jarvis/server.py", line 2, in <module>
    from flask_cors import CORS
ModuleNotFoundError: No module named 'flask_cors'
Traceback (most recent call last):
  File "/Users/philipyeo/jarvis/server.py", line 2, in <module>
    from flask_cors import CORS
ModuleNotFoundError: No module named 'flask_cors'
Traceback (most recent call last):
  File "/Users/philipyeo/jarvis/server.py", line 2, in <module>
    from flask_cors import CORS
ModuleNotFoundError: No module named 'flask_cors'
Traceback (most recent call last):
  File "/Users/philipyeo/jarvis/server.py", line 2, in <module>
    from flask_cors import CORS
ModuleNotFoundError: No module named 'flask_cors'
Traceback (most recent call last):
  File "/Users/philipyeo/jarvis/server.py", line 2, in <module>
    from flask_cors import CORS
ModuleNotFoundError: No module named 'flask_cors'
Traceback (most recent call last):
  File "/Users/philipyeo/jarvis/server.py", line 2, in <module>
    from flask_cors import CORS
ModuleNotFoundError: No module named 'flask_cors'
Traceback (most recent call last):
  File "/Users/philipyeo/jarvis/server.py", line 2, in <module>
    from flask_cors import CORS
ModuleNotFoundError: No module named 'flask_cors'
Traceback (most recent call last):
  File "/Users/philipyeo/jarvis/server.py", line 2, in <module>
    from flask_cors import CORS
ModuleNotFoundError: No module named 'flask_cors'
Traceback (most recent call last):
  File "/Users/philipyeo/jarvis/server.py", line 12, in <module>
    from google.oauth2.credentials import Credentials
ModuleNotFoundError: No module named 'google'
Traceback (most recent call last):
  File "/Users/philipyeo/jarvis/server.py", line 12, in <module>
    from google.oauth2.credentials import Credentials
ModuleNotFoundError: No module named 'google'
Traceback (most recent call last):
  File "/Users/philipyeo/jarvis/server.py", line 12, in <module>
    from google.oauth2.credentials import Credentials
ModuleNotFoundError: No module named 'google'
Traceback (most recent call last):
  File "/Users/philipyeo/jarvis/server.py", line 12, in <module>
    from google.oauth2.credentials import Credentials
ModuleNotFoundError: No module named 'google'
Traceback (most recent call last):
  File "/Users/philipyeo/jarvis/server.py", line 12, in <module>
    from google.oauth2.credentials import Credentials
ModuleNotFoundError: No module named 'google'
Traceback (most recent call last):
  File "/Users/philipyeo/jarvis/server.py", line 12, in <module>
    from google.oauth2.credentials import Credentials
ModuleNotFoundError: No module named 'google'
Traceback (most recent call last):
  File "/Users/philipyeo/jarvis/server.py", line 12, in <module>
    from google.oauth2.credentials import Credentials
ModuleNotFoundError: No module named 'google'
Traceback (most recent call last):
  File "/Users/philipyeo/jarvis/server.py", line 12, in <module>
    from google.oauth2.credentials import Credentials
ModuleNotFoundError: No module named 'google'
Traceback (most recent call last):
  File "/Users/philipyeo/jarvis/server.py", line 12, in <module>
    from google.oauth2.credentials import Credentials
ModuleNotFoundError: No module named 'google'
Traceback (most recent call last):
  File "/Users/philipyeo/jarvis/server.py", line 12, in <module>
    from google.oauth2.credentials import Credentials
ModuleNotFoundError: No module named 'google'
/Users/philipyeo/Library/Python/3.9/lib/python/site-packages/google/oauth2/__init__.py:40: FutureWarning: You are using a Python version 3.9 past its end of life. Google will update google-auth with critical bug fixes on a best-effort basis, but not with any other fixes or features. Please upgrade your Python version, and then update google-auth.
  warnings.warn(eol_message.format("3.9"), FutureWarning)
/Users/philipyeo/Library/Python/3.9/lib/python/site-packages/google/auth/__init__.py:54: FutureWarning: You are using a Python version 3.9 past its end of life. Google will update google-auth with critical bug fixes on a best-effort basis, but not with any other fixes or features. Please upgrade your Python version, and then update google-auth.
  warnings.warn(eol_message.format("3.9"), FutureWarning)
Traceback (most recent call last):
  File "/Users/philipyeo/jarvis/server.py", line 13, in <module>
    from google_auth_oauthlib.flow import InstalledAppFlow
ModuleNotFoundError: No module named 'google_auth_oauthlib'
/Users/philipyeo/Library/Python/3.9/lib/python/site-packages/google/oauth2/__init__.py:40: FutureWarning: You are using a Python version 3.9 past its end of life. Google will update google-auth with critical bug fixes on a best-effort basis, but not with any other fixes or features. Please upgrade your Python version, and then update google-auth.
  warnings.warn(eol_message.format("3.9"), FutureWarning)
/Users/philipyeo/Library/Python/3.9/lib/python/site-packages/google/auth/__init__.py:54: FutureWarning: You are using a Python version 3.9 past its end of life. Google will update google-auth with critical bug fixes on a best-effort basis, but not with any other fixes or features. Please upgrade your Python version, and then update google-auth.
  warnings.warn(eol_message.format("3.9"), FutureWarning)
Traceback (most recent call last):
  File "/Users/philipyeo/jarvis/server.py", line 13, in <module>
    from google_auth_oauthlib.flow import InstalledAppFlow
ModuleNotFoundError: No module named 'google_auth_oauthlib'
/Users/philipyeo/Library/Python/3.9/lib/python/site-packages/google/oauth2/__init__.py:40: FutureWarning: You are using a Python version 3.9 past its end of life. Google will update google-auth with critical bug fixes on a best-effort basis, but not with any other fixes or features. Please upgrade your Python version, and then update google-auth.
  warnings.warn(eol_message.format("3.9"), FutureWarning)
/Users/philipyeo/Library/Python/3.9/lib/python/site-packages/google/auth/__init__.py:54: FutureWarning: You are using a Python version 3.9 past its end of life. Google will update google-auth with critical bug fixes on a best-effort basis, but not with any other fixes or features. Please upgrade your Python version, and then update google-auth.
  warnings.warn(eol_message.format("3.9"), FutureWarning)
Traceback (most recent call last):
  File "/Users/philipyeo/jarvis/server.py", line 13, in <module>
    from google_auth_oauthlib.flow import InstalledAppFlow
ModuleNotFoundError: No module named 'google_auth_oauthlib'
/Users/philipyeo/Library/Python/3.9/lib/python/site-packages/google/oauth2/__init__.py:40: FutureWarning: You are using a Python version 3.9 past its end of life. Google will update google-auth with critical bug fixes on a best-effort basis, but not with any other fixes or features. Please upgrade your Python version, and then update google-auth.
  warnings.warn(eol_message.format("3.9"), FutureWarning)
/Users/philipyeo/Library/Python/3.9/lib/python/site-packages/google/auth/__init__.py:54: FutureWarning: You are using a Python version 3.9 past its end of life. Google will update google-auth with critical bug fixes on a best-effort basis, but not with any other fixes or features. Please upgrade your Python version, and then update google-auth.
  warnings.warn(eol_message.format("3.9"), FutureWarning)
Traceback (most recent call last):
  File "/Users/philipyeo/jarvis/server.py", line 13, in <module>
    from google_auth_oauthlib.flow import InstalledAppFlow
ModuleNotFoundError: No module named 'google_auth_oauthlib'
/Users/philipyeo/Library/Python/3.9/lib/python/site-packages/google/oauth2/__init__.py:40: FutureWarning: You are using a Python version 3.9 past its end of life. Google will update google-auth with critical bug fixes on a best-effort basis, but not with any other fixes or features. Please upgrade your Python version, and then update google-auth.
  warnings.warn(eol_message.format("3.9"), FutureWarning)
/Users/philipyeo/Library/Python/3.9/lib/python/site-packages/google/auth/__init__.py:54: FutureWarning: You are using a Python version 3.9 past its end of life. Google will update google-auth with critical bug fixes on a best-effort basis, but not with any other fixes or features. Please upgrade your Python version, and then update google-auth.
  warnings.warn(eol_message.format("3.9"), FutureWarning)
Traceback (most recent call last):
  File "/Users/philipyeo/jarvis/server.py", line 13, in <module>
    from google_auth_oauthlib.flow import InstalledAppFlow
ModuleNotFoundError: No module named 'google_auth_oauthlib'
/Users/philipyeo/Library/Python/3.9/lib/python/site-packages/google/oauth2/__init__.py:40: FutureWarning: You are using a Python version 3.9 past its end of life. Google will update google-auth with critical bug fixes on a best-effort basis, but not with any other fixes or features. Please upgrade your Python version, and then update google-auth.
  warnings.warn(eol_message.format("3.9"), FutureWarning)
/Users/philipyeo/Library/Python/3.9/lib/python/site-packages/google/auth/__init__.py:54: FutureWarning: You are using a Python version 3.9 past its end of life. Google will update google-auth with critical bug fixes on a best-effort basis, but not with any other fixes or features. Please upgrade your Python version, and then update google-auth.
  warnings.warn(eol_message.format("3.9"), FutureWarning)
Traceback (most recent call last):
  File "/Users/philipyeo/jarvis/server.py", line 13, in <module>
    from google_auth_oauthlib.flow import InstalledAppFlow
ModuleNotFoundError: No module named 'google_auth_oauthlib'
/Users/philipyeo/Library/Python/3.9/lib/python/site-packages/google/oauth2/__init__.py:40: FutureWarning: You are using a Python version 3.9 past its end of life. Google will update google-auth with critical bug fixes on a best-effort basis, but not with any other fixes or features. Please upgrade your Python version, and then update google-auth.
  warnings.warn(eol_message.format("3.9"), FutureWarning)
/Users/philipyeo/Library/Python/3.9/lib/python/site-packages/google/auth/__init__.py:54: FutureWarning: You are using a Python version 3.9 past its end of life. Google will update google-auth with critical bug fixes on a best-effort basis, but not with any other fixes or features. Please upgrade your Python version, and then update google-auth.
  warnings.warn(eol_message.format("3.9"), FutureWarning)
Traceback (most recent call last):
  File "/Users/philipyeo/jarvis/server.py", line 13, in <module>
    from google_auth_oauthlib.flow import InstalledAppFlow
ModuleNotFoundError: No module named 'google_auth_oauthlib'
/Users/philipyeo/Library/Python/3.9/lib/python/site-packages/google/oauth2/__init__.py:40: FutureWarning: You are using a Python version 3.9 past its end of life. Google will update google-auth with critical bug fixes on a best-effort basis, but not with any other fixes or features. Please upgrade your Python version, and then update google-auth.
  warnings.warn(eol_message.format("3.9"), FutureWarning)
/Users/philipyeo/Library/Python/3.9/lib/python/site-packages/google/auth/__init__.py:54: FutureWarning: You are using a Python version 3.9 past its end of life. Google will update google-auth with critical bug fixes on a best-effort basis, but not with any other fixes or features. Please upgrade your Python version, and then update google-auth.
  warnings.warn(eol_message.format("3.9"), FutureWarning)
Traceback (most recent call last):
  File "/Users/philipyeo/jarvis/server.py", line 13, in <module>
    from google_auth_oauthlib.flow import InstalledAppFlow
ModuleNotFoundError: No module named 'google_auth_oauthlib'
/Users/philipyeo/Library/Python/3.9/lib/python/site-packages/google/oauth2/__init__.py:40: FutureWarning: You are using a Python version 3.9 past its end of life. Google will update google-auth with critical bug fixes on a best-effort basis, but not with any other fixes or features. Please upgrade your Python version, and then update google-auth.
  warnings.warn(eol_message.format("3.9"), FutureWarning)
/Users/philipyeo/Library/Python/3.9/lib/python/site-packages/google/auth/__init__.py:54: FutureWarning: You are using a Python version 3.9 past its end of life. Google will update google-auth with critical bug fixes on a best-effort basis, but not with any other fixes or features. Please upgrade your Python version, and then update google-auth.
  warnings.warn(eol_message.format("3.9"), FutureWarning)
Traceback (most recent call last):
  File "/Users/philipyeo/jarvis/server.py", line 13, in <module>
    from google_auth_oauthlib.flow import InstalledAppFlow
ModuleNotFoundError: No module named 'google_auth_oauthlib'
/Users/philipyeo/Library/Python/3.9/lib/python/site-packages/google/oauth2/__init__.py:40: FutureWarning: You are using a Python version 3.9 past its end of life. Google will update google-auth with critical bug fixes on a best-effort basis, but not with any other fixes or features. Please upgrade your Python version, and then update google-auth.
  warnings.warn(eol_message.format("3.9"), FutureWarning)
/Users/philipyeo/Library/Python/3.9/lib/python/site-packages/google/auth/__init__.py:54: FutureWarning: You are using a Python version 3.9 past its end of life. Google will update google-auth with critical bug fixes on a best-effort basis, but not with any other fixes or features. Please upgrade your Python version, and then update google-auth.
  warnings.warn(eol_message.format("3.9"), FutureWarning)
Traceback (most recent call last):
  File "/Users/philipyeo/jarvis/server.py", line 13, in <module>
    from google_auth_oauthlib.flow import InstalledAppFlow
ModuleNotFoundError: No module named 'google_auth_oauthlib'
/Users/philipyeo/Library/Python/3.9/lib/python/site-packages/google/oauth2/__init__.py:40: FutureWarning: You are using a Python version 3.9 past its end of life. Google will update google-auth with critical bug fixes on a best-effort basis, but not with any other fixes or features. Please upgrade your Python version, and then update google-auth.
  warnings.warn(eol_message.format("3.9"), FutureWarning)
/Users/philipyeo/Library/Python/3.9/lib/python/site-packages/google/auth/__init__.py:54: FutureWarning: You are using a Python version 3.9 past its end of life. Google will update google-auth with critical bug fixes on a best-effort basis, but not with any other fixes or features. Please upgrade your Python version, and then update google-auth.
  warnings.warn(eol_message.format("3.9"), FutureWarning)
Traceback (most recent call last):
  File "/Users/philipyeo/jarvis/server.py", line 13, in <module>
    from google_auth_oauthlib.flow import InstalledAppFlow
ModuleNotFoundError: No module named 'google_auth_oauthlib'
/Users/philipyeo/Library/Python/3.9/lib/python/site-packages/google/oauth2/__init__.py:40: FutureWarning: You are using a Python version 3.9 past its end of life. Google will update google-auth with critical bug fixes on a best-effort basis, but not with any other fixes or features. Please upgrade your Python version, and then update google-auth.
  warnings.warn(eol_message.format("3.9"), FutureWarning)
/Users/philipyeo/Library/Python/3.9/lib/python/site-packages/google/auth/__init__.py:54: FutureWarning: You are using a Python version 3.9 past its end of life. Google will update google-auth with critical bug fixes on a best-effort basis, but not with any other fixes or features. Please upgrade your Python version, and then update google-auth.
  warnings.warn(eol_message.format("3.9"), FutureWarning)
/Users/philipyeo/Library/Python/3.9/lib/python/site-packages/urllib3/__init__.py:35: NotOpenSSLWarning: urllib3 v2 only supports OpenSSL 1.1.1+, currently the 'ssl' module is compiled with 'LibreSSL 2.8.3'. See: https://github.com/urllib3/urllib3/issues/3020
  warnings.warn(
/Users/philipyeo/Library/Python/3.9/lib/python/site-packages/google/oauth2/__init__.py:40: FutureWarning: You are using a Python version 3.9 past its end of life. Google will update google-auth with critical bug fixes on a best-effort basis, but not with any other fixes or features. Please upgrade your Python version, and then update google-auth.
  warnings.warn(eol_message.format("3.9"), FutureWarning)
/Users/philipyeo/Library/Python/3.9/lib/python/site-packages/google/auth/__init__.py:54: FutureWarning: You are using a Python version 3.9 past its end of life. Google will update google-auth with critical bug fixes on a best-effort basis, but not with any other fixes or features. Please upgrade your Python version, and then update google-auth.
  warnings.warn(eol_message.format("3.9"), FutureWarning)
/Users/philipyeo/Library/Python/3.9/lib/python/site-packages/urllib3/__init__.py:35: NotOpenSSLWarning: urllib3 v2 only supports OpenSSL 1.1.1+, currently the 'ssl' module is compiled with 'LibreSSL 2.8.3'. See: https://github.com/urllib3/urllib3/issues/3020
  warnings.warn(
Traceback (most recent call last):
  File "/Users/philipyeo/jarvis/server.py", line 15, in <module>
    from googleapiclient.discovery import build
ModuleNotFoundError: No module named 'googleapiclient'
/Users/philipyeo/Library/Python/3.9/lib/python/site-packages/google/oauth2/__init__.py:40: FutureWarning: You are using a Python version 3.9 past its end of life. Google will update google-auth with critical bug fixes on a best-effort basis, but not with any other fixes or features. Please upgrade your Python version, and then update google-auth.
  warnings.warn(eol_message.format("3.9"), FutureWarning)
/Users/philipyeo/Library/Python/3.9/lib/python/site-packages/google/auth/__init__.py:54: FutureWarning: You are using a Python version 3.9 past its end of life. Google will update google-auth with critical bug fixes on a best-effort basis, but not with any other fixes or features. Please upgrade your Python version, and then update google-auth.
  warnings.warn(eol_message.format("3.9"), FutureWarning)
/Users/philipyeo/Library/Python/3.9/lib/python/site-packages/urllib3/__init__.py:35: NotOpenSSLWarning: urllib3 v2 only supports OpenSSL 1.1.1+, currently the 'ssl' module is compiled with 'LibreSSL 2.8.3'. See: https://github.com/urllib3/urllib3/issues/3020
  warnings.warn(
Traceback (most recent call last):
  File "/Users/philipyeo/jarvis/server.py", line 15, in <module>
    from googleapiclient.discovery import build
ModuleNotFoundError: No module named 'googleapiclient'
/Users/philipyeo/Library/Python/3.9/lib/python/site-packages/google/oauth2/__init__.py:40: FutureWarning: You are using a Python version 3.9 past its end of life. Google will update google-auth with critical bug fixes on a best-effort basis, but not with any other fixes or features. Please upgrade your Python version, and then update google-auth.
  warnings.warn(eol_message.format("3.9"), FutureWarning)
/Users/philipyeo/Library/Python/3.9/lib/python/site-packages/google/auth/__init__.py:54: FutureWarning: You are using a Python version 3.9 past its end of life. Google will update google-auth with critical bug fixes on a best-effort basis, but not with any other fixes or features. Please upgrade your Python version, and then update google-auth.
  warnings.warn(eol_message.format("3.9"), FutureWarning)
/Users/philipyeo/Library/Python/3.9/lib/python/site-packages/urllib3/__init__.py:35: NotOpenSSLWarning: urllib3 v2 only supports OpenSSL 1.1.1+, currently the 'ssl' module is compiled with 'LibreSSL 2.8.3'. See: https://github.com/urllib3/urllib3/issues/3020
  warnings.warn(
Traceback (most recent call last):
  File "/Users/philipyeo/jarvis/server.py", line 15, in <module>
    from googleapiclient.discovery import build
ModuleNotFoundError: No module named 'googleapiclient'
/Users/philipyeo/Library/Python/3.9/lib/python/site-packages/google/oauth2/__init__.py:40: FutureWarning: You are using a Python version 3.9 past its end of life. Google will update google-auth with critical bug fixes on a best-effort basis, but not with any other fixes or features. Please upgrade your Python version, and then update google-auth.
  warnings.warn(eol_message.format("3.9"), FutureWarning)
/Users/philipyeo/Library/Python/3.9/lib/python/site-packages/google/auth/__init__.py:54: FutureWarning: You are using a Python version 3.9 past its end of life. Google will update google-auth with critical bug fixes on a best-effort basis, but not with any other fixes or features. Please upgrade your Python version, and then update google-auth.
  warnings.warn(eol_message.format("3.9"), FutureWarning)
/Users/philipyeo/Library/Python/3.9/lib/python/site-packages/urllib3/__init__.py:35: NotOpenSSLWarning: urllib3 v2 only supports OpenSSL 1.1.1+, currently the 'ssl' module is compiled with 'LibreSSL 2.8.3'. See: https://github.com/urllib3/urllib3/issues/3020
  warnings.warn(
Traceback (most recent call last):
  File "/Users/philipyeo/jarvis/server.py", line 15, in <module>
    from googleapiclient.discovery import build
ModuleNotFoundError: No module named 'googleapiclient'
/Users/philipyeo/Library/Python/3.9/lib/python/site-packages/google/oauth2/__init__.py:40: FutureWarning: You are using a Python version 3.9 past its end of life. Google will update google-auth with critical bug fixes on a best-effort basis, but not with any other fixes or features. Please upgrade your Python version, and then update google-auth.
  warnings.warn(eol_message.format("3.9"), FutureWarning)
/Users/philipyeo/Library/Python/3.9/lib/python/site-packages/google/auth/__init__.py:54: FutureWarning: You are using a Python version 3.9 past its end of life. Google will update google-auth with critical bug fixes on a best-effort basis, but not with any other fixes or features. Please upgrade your Python version, and then update google-auth.
  warnings.warn(eol_message.format("3.9"), FutureWarning)
/Users/philipyeo/Library/Python/3.9/lib/python/site-packages/urllib3/__init__.py:35: NotOpenSSLWarning: urllib3 v2 only supports OpenSSL 1.1.1+, currently the 'ssl' module is compiled with 'LibreSSL 2.8.3'. See: https://github.com/urllib3/urllib3/issues/3020
  warnings.warn(
Traceback (most recent call last):
  File "/Users/philipyeo/jarvis/server.py", line 15, in <module>
    from googleapiclient.discovery import build
ModuleNotFoundError: No module named 'googleapiclient'
/Users/philipyeo/Library/Python/3.9/lib/python/site-packages/google/oauth2/__init__.py:40: FutureWarning: You are using a Python version 3.9 past its end of life. Google will update google-auth with critical bug fixes on a best-effort basis, but not with any other fixes or features. Please upgrade your Python version, and then update google-auth.
  warnings.warn(eol_message.format("3.9"), FutureWarning)
/Users/philipyeo/Library/Python/3.9/lib/python/site-packages/google/auth/__init__.py:54: FutureWarning: You are using a Python version 3.9 past its end of life. Google will update google-auth with critical bug fixes on a best-effort basis, but not with any other fixes or features. Please upgrade your Python version, and then update google-auth.
  warnings.warn(eol_message.format("3.9"), FutureWarning)
/Users/philipyeo/Library/Python/3.9/lib/python/site-packages/urllib3/__init__.py:35: NotOpenSSLWarning: urllib3 v2 only supports OpenSSL 1.1.1+, currently the 'ssl' module is compiled with 'LibreSSL 2.8.3'. See: https://github.com/urllib3/urllib3/issues/3020
  warnings.warn(
Traceback (most recent call last):
  File "/Users/philipyeo/jarvis/server.py", line 15, in <module>
    from googleapiclient.discovery import build
ModuleNotFoundError: No module named 'googleapiclient'
/Users/philipyeo/Library/Python/3.9/lib/python/site-packages/google/oauth2/__init__.py:40: FutureWarning: You are using a Python version 3.9 past its end of life. Google will update google-auth with critical bug fixes on a best-effort basis, but not with any other fixes or features. Please upgrade your Python version, and then update google-auth.
  warnings.warn(eol_message.format("3.9"), FutureWarning)
/Users/philipyeo/Library/Python/3.9/lib/python/site-packages/google/auth/__init__.py:54: FutureWarning: You are using a Python version 3.9 past its end of life. Google will update google-auth with critical bug fixes on a best-effort basis, but not with any other fixes or features. Please upgrade your Python version, and then update google-auth.
  warnings.warn(eol_message.format("3.9"), FutureWarning)
/Users/philipyeo/Library/Python/3.9/lib/python/site-packages/urllib3/__init__.py:35: NotOpenSSLWarning: urllib3 v2 only supports OpenSSL 1.1.1+, currently the 'ssl' module is compiled with 'LibreSSL 2.8.3'. See: https://github.com/urllib3/urllib3/issues/3020
  warnings.warn(
Traceback (most recent call last):
  File "/Users/philipyeo/jarvis/server.py", line 15, in <module>
    from googleapiclient.discovery import build
ModuleNotFoundError: No module named 'googleapiclient'
/Users/philipyeo/Library/Python/3.9/lib/python/site-packages/google/oauth2/__init__.py:40: FutureWarning: You are using a Python version 3.9 past its end of life. Google will update google-auth with critical bug fixes on a best-effort basis, but not with any other fixes or features. Please upgrade your Python version, and then update google-auth.
  warnings.warn(eol_message.format("3.9"), FutureWarning)
/Users/philipyeo/Library/Python/3.9/lib/python/site-packages/google/auth/__init__.py:54: FutureWarning: You are using a Python version 3.9 past its end of life. Google will update google-auth with critical bug fixes on a best-effort basis, but not with any other fixes or features. Please upgrade your Python version, and then update google-auth.
  warnings.warn(eol_message.format("3.9"), FutureWarning)
/Users/philipyeo/Library/Python/3.9/lib/python/site-packages/urllib3/__init__.py:35: NotOpenSSLWarning: urllib3 v2 only supports OpenSSL 1.1.1+, currently the 'ssl' module is compiled with 'LibreSSL 2.8.3'. See: https://github.com/urllib3/urllib3/issues/3020
  warnings.warn(
Traceback (most recent call last):
  File "/Users/philipyeo/jarvis/server.py", line 15, in <module>
    from googleapiclient.discovery import build
ModuleNotFoundError: No module named 'googleapiclient'
/Users/philipyeo/Library/Python/3.9/lib/python/site-packages/google/oauth2/__init__.py:40: FutureWarning: You are using a Python version 3.9 past its end of life. Google will update google-auth with critical bug fixes on a best-effort basis, but not with any other fixes or features. Please upgrade your Python version, and then update google-auth.
  warnings.warn(eol_message.format("3.9"), FutureWarning)
/Users/philipyeo/Library/Python/3.9/lib/python/site-packages/google/auth/__init__.py:54: FutureWarning: You are using a Python version 3.9 past its end of life. Google will update google-auth with critical bug fixes on a best-effort basis, but not with any other fixes or features. Please upgrade your Python version, and then update google-auth.
  warnings.warn(eol_message.format("3.9"), FutureWarning)
/Users/philipyeo/Library/Python/3.9/lib/python/site-packages/urllib3/__init__.py:35: NotOpenSSLWarning: urllib3 v2 only supports OpenSSL 1.1.1+, currently the 'ssl' module is compiled with 'LibreSSL 2.8.3'. See: https://github.com/urllib3/urllib3/issues/3020
  warnings.warn(
Traceback (most recent call last):
  File "/Users/philipyeo/jarvis/server.py", line 15, in <module>
    from googleapiclient.discovery import build
ModuleNotFoundError: No module named 'googleapiclient'
/Users/philipyeo/Library/Python/3.9/lib/python/site-packages/google/oauth2/__init__.py:40: FutureWarning: You are using a Python version 3.9 past its end of life. Google will update google-auth with critical bug fixes on a best-effort basis, but not with any other fixes or features. Please upgrade your Python version, and then update google-auth.
  warnings.warn(eol_message.format("3.9"), FutureWarning)
/Users/philipyeo/Library/Python/3.9/lib/python/site-packages/google/auth/__init__.py:54: FutureWarning: You are using a Python version 3.9 past its end of life. Google will update google-auth with critical bug fixes on a best-effort basis, but not with any other fixes or features. Please upgrade your Python version, and then update google-auth.
  warnings.warn(eol_message.format("3.9"), FutureWarning)
/Users/philipyeo/Library/Python/3.9/lib/python/site-packages/urllib3/__init__.py:35: NotOpenSSLWarning: urllib3 v2 only supports OpenSSL 1.1.1+, currently the 'ssl' module is compiled with 'LibreSSL 2.8.3'. See: https://github.com/urllib3/urllib3/issues/3020
  warnings.warn(
Traceback (most recent call last):
  File "/Users/philipyeo/jarvis/server.py", line 15, in <module>
    from googleapiclient.discovery import build
ModuleNotFoundError: No module named 'googleapiclient'
/Users/philipyeo/Library/Python/3.9/lib/python/site-packages/google/oauth2/__init__.py:40: FutureWarning: You are using a Python version 3.9 past its end of life. Google will update google-auth with critical bug fixes on a best-effort basis, but not with any other fixes or features. Please upgrade your Python version, and then update google-auth.
  warnings.warn(eol_message.format("3.9"), FutureWarning)
/Users/philipyeo/Library/Python/3.9/lib/python/site-packages/google/auth/__init__.py:54: FutureWarning: You are using a Python version 3.9 past its end of life. Google will update google-auth with critical bug fixes on a best-effort basis, but not with any other fixes or features. Please upgrade your Python version, and then update google-auth.
  warnings.warn(eol_message.format("3.9"), FutureWarning)
/Users/philipyeo/Library/Python/3.9/lib/python/site-packages/urllib3/__init__.py:35: NotOpenSSLWarning: urllib3 v2 only supports OpenSSL 1.1.1+, currently the 'ssl' module is compiled with 'LibreSSL 2.8.3'. See: https://github.com/urllib3/urllib3/issues/3020
  warnings.warn(
Traceback (most recent call last):
  File "/Users/philipyeo/jarvis/server.py", line 15, in <module>
    from googleapiclient.discovery import build
ModuleNotFoundError: No module named 'googleapiclient'
/Users/philipyeo/Library/Python/3.9/lib/python/site-packages/google/oauth2/__init__.py:40: FutureWarning: You are using a Python version 3.9 past its end of life. Google will update google-auth with critical bug fixes on a best-effort basis, but not with any other fixes or features. Please upgrade your Python version, and then update google-auth.
  warnings.warn(eol_message.format("3.9"), FutureWarning)
/Users/philipyeo/Library/Python/3.9/lib/python/site-packages/google/auth/__init__.py:54: FutureWarning: You are using a Python version 3.9 past its end of life. Google will update google-auth with critical bug fixes on a best-effort basis, but not with any other fixes or features. Please upgrade your Python version, and then update google-auth.
  warnings.warn(eol_message.format("3.9"), FutureWarning)
/Users/philipyeo/Library/Python/3.9/lib/python/site-packages/urllib3/__init__.py:35: NotOpenSSLWarning: urllib3 v2 only supports OpenSSL 1.1.1+, currently the 'ssl' module is compiled with 'LibreSSL 2.8.3'. See: https://github.com/urllib3/urllib3/issues/3020
  warnings.warn(
Traceback (most recent call last):
  File "/Users/philipyeo/jarvis/server.py", line 15, in <module>
    from googleapiclient.discovery import build
ModuleNotFoundError: No module named 'googleapiclient'
/Users/philipyeo/Library/Python/3.9/lib/python/site-packages/google/oauth2/__init__.py:40: FutureWarning: You are using a Python version 3.9 past its end of life. Google will update google-auth with critical bug fixes on a best-effort basis, but not with any other fixes or features. Please upgrade your Python version, and then update google-auth.
  warnings.warn(eol_message.format("3.9"), FutureWarning)
/Users/philipyeo/Library/Python/3.9/lib/python/site-packages/google/auth/__init__.py:54: FutureWarning: You are using a Python version 3.9 past its end of life. Google will update google-auth with critical bug fixes on a best-effort basis, but not with any other fixes or features. Please upgrade your Python version, and then update google-auth.
  warnings.warn(eol_message.format("3.9"), FutureWarning)
/Users/philipyeo/Library/Python/3.9/lib/python/site-packages/urllib3/__init__.py:35: NotOpenSSLWarning: urllib3 v2 only supports OpenSSL 1.1.1+, currently the 'ssl' module is compiled with 'LibreSSL 2.8.3'. See: https://github.com/urllib3/urllib3/issues/3020
  warnings.warn(
Traceback (most recent call last):
  File "/Users/philipyeo/jarvis/server.py", line 15, in <module>
    from googleapiclient.discovery import build
ModuleNotFoundError: No module named 'googleapiclient'
/Users/philipyeo/Library/Python/3.9/lib/python/site-packages/google/oauth2/__init__.py:40: FutureWarning: You are using a Python version 3.9 past its end of life. Google will update google-auth with critical bug fixes on a best-effort basis, but not with any other fixes or features. Please upgrade your Python version, and then update google-auth.
  warnings.warn(eol_message.format("3.9"), FutureWarning)
/Users/philipyeo/Library/Python/3.9/lib/python/site-packages/google/auth/__init__.py:54: FutureWarning: You are using a Python version 3.9 past its end of life. Google will update google-auth with critical bug fixes on a best-effort basis, but not with any other fixes or features. Please upgrade your Python version, and then update google-auth.
  warnings.warn(eol_message.format("3.9"), FutureWarning)
/Users/philipyeo/Library/Python/3.9/lib/python/site-packages/urllib3/__init__.py:35: NotOpenSSLWarning: urllib3 v2 only supports OpenSSL 1.1.1+, currently the 'ssl' module is compiled with 'LibreSSL 2.8.3'. See: https://github.com/urllib3/urllib3/issues/3020
  warnings.warn(
Traceback (most recent call last):
  File "/Users/philipyeo/jarvis/server.py", line 15, in <module>
    from googleapiclient.discovery import build
ModuleNotFoundError: No module named 'googleapiclient'
/Users/philipyeo/Library/Python/3.9/lib/python/site-packages/google/oauth2/__init__.py:40: FutureWarning: You are using a Python version 3.9 past its end of life. Google will update google-auth with critical bug fixes on a best-effort basis, but not with any other fixes or features. Please upgrade your Python version, and then update google-auth.
  warnings.warn(eol_message.format("3.9"), FutureWarning)
/Users/philipyeo/Library/Python/3.9/lib/python/site-packages/google/auth/__init__.py:54: FutureWarning: You are using a Python version 3.9 past its end of life. Google will update google-auth with critical bug fixes on a best-effort basis, but not with any other fixes or features. Please upgrade your Python version, and then update google-auth.
  warnings.warn(eol_message.format("3.9"), FutureWarning)
/Users/philipyeo/Library/Python/3.9/lib/python/site-packages/urllib3/__init__.py:35: NotOpenSSLWarning: urllib3 v2 only supports OpenSSL 1.1.1+, currently the 'ssl' module is compiled with 'LibreSSL 2.8.3'. See: https://github.com/urllib3/urllib3/issues/3020
  warnings.warn(
Traceback (most recent call last):
  File "/Users/philipyeo/jarvis/server.py", line 15, in <module>
    from googleapiclient.discovery import build
ModuleNotFoundError: No module named 'googleapiclient'
/Users/philipyeo/Library/Python/3.9/lib/python/site-packages/google/oauth2/__init__.py:40: FutureWarning: You are using a Python version 3.9 past its end of life. Google will update google-auth with critical bug fixes on a best-effort basis, but not with any other fixes or features. Please upgrade your Python version, and then update google-auth.
  warnings.warn(eol_message.format("3.9"), FutureWarning)
/Users/philipyeo/Library/Python/3.9/lib/python/site-packages/google/auth/__init__.py:54: FutureWarning: You are using a Python version 3.9 past its end of life. Google will update google-auth with critical bug fixes on a best-effort basis, but not with any other fixes or features. Please upgrade your Python version, and then update google-auth.
  warnings.warn(eol_message.format("3.9"), FutureWarning)
/Users/philipyeo/Library/Python/3.9/lib/python/site-packages/urllib3/__init__.py:35: NotOpenSSLWarning: urllib3 v2 only supports OpenSSL 1.1.1+, currently the 'ssl' module is compiled with 'LibreSSL 2.8.3'. See: https://github.com/urllib3/urllib3/issues/3020
  warnings.warn(
Traceback (most recent call last):
  File "/Users/philipyeo/jarvis/server.py", line 15, in <module>
    from googleapiclient.discovery import build
ModuleNotFoundError: No module named 'googleapiclient'
/Users/philipyeo/Library/Python/3.9/lib/python/site-packages/google/oauth2/__init__.py:40: FutureWarning: You are using a Python version 3.9 past its end of life. Google will update google-auth with critical bug fixes on a best-effort basis, but not with any other fixes or features. Please upgrade your Python version, and then update google-auth.
  warnings.warn(eol_message.format("3.9"), FutureWarning)
/Users/philipyeo/Library/Python/3.9/lib/python/site-packages/google/auth/__init__.py:54: FutureWarning: You are using a Python version 3.9 past its end of life. Google will update google-auth with critical bug fixes on a best-effort basis, but not with any other fixes or features. Please upgrade your Python version, and then update google-auth.
  warnings.warn(eol_message.format("3.9"), FutureWarning)
/Users/philipyeo/Library/Python/3.9/lib/python/site-packages/urllib3/__init__.py:35: NotOpenSSLWarning: urllib3 v2 only supports OpenSSL 1.1.1+, currently the 'ssl' module is compiled with 'LibreSSL 2.8.3'. See: https://github.com/urllib3/urllib3/issues/3020
  warnings.warn(
Traceback (most recent call last):
  File "/Users/philipyeo/jarvis/server.py", line 15, in <module>
    from googleapiclient.discovery import build
ModuleNotFoundError: No module named 'googleapiclient'
/Users/philipyeo/Library/Python/3.9/lib/python/site-packages/google/oauth2/__init__.py:40: FutureWarning: You are using a Python version 3.9 past its end of life. Google will update google-auth with critical bug fixes on a best-effort basis, but not with any other fixes or features. Please upgrade your Python version, and then update google-auth.
  warnings.warn(eol_message.format("3.9"), FutureWarning)
/Users/philipyeo/Library/Python/3.9/lib/python/site-packages/google/auth/__init__.py:54: FutureWarning: You are using a Python version 3.9 past its end of life. Google will update google-auth with critical bug fixes on a best-effort basis, but not with any other fixes or features. Please upgrade your Python version, and then update google-auth.
  warnings.warn(eol_message.format("3.9"), FutureWarning)
/Users/philipyeo/Library/Python/3.9/lib/python/site-packages/urllib3/__init__.py:35: NotOpenSSLWarning: urllib3 v2 only supports OpenSSL 1.1.1+, currently the 'ssl' module is compiled with 'LibreSSL 2.8.3'. See: https://github.com/urllib3/urllib3/issues/3020
  warnings.warn(
Traceback (most recent call last):
  File "/Users/philipyeo/jarvis/server.py", line 15, in <module>
    from googleapiclient.discovery import build
ModuleNotFoundError: No module named 'googleapiclient'
/Users/philipyeo/Library/Python/3.9/lib/python/site-packages/google/oauth2/__init__.py:40: FutureWarning: You are using a Python version 3.9 past its end of life. Google will update google-auth with critical bug fixes on a best-effort basis, but not with any other fixes or features. Please upgrade your Python version, and then update google-auth.
  warnings.warn(eol_message.format("3.9"), FutureWarning)
/Users/philipyeo/Library/Python/3.9/lib/python/site-packages/google/auth/__init__.py:54: FutureWarning: You are using a Python version 3.9 past its end of life. Google will update google-auth with critical bug fixes on a best-effort basis, but not with any other fixes or features. Please upgrade your Python version, and then update google-auth.
  warnings.warn(eol_message.format("3.9"), FutureWarning)
/Users/philipyeo/Library/Python/3.9/lib/python/site-packages/urllib3/__init__.py:35: NotOpenSSLWarning: urllib3 v2 only supports OpenSSL 1.1.1+, currently the 'ssl' module is compiled with 'LibreSSL 2.8.3'. See: https://github.com/urllib3/urllib3/issues/3020
  warnings.warn(
Traceback (most recent call last):
  File "/Users/philipyeo/jarvis/server.py", line 15, in <module>
    from googleapiclient.discovery import build
ModuleNotFoundError: No module named 'googleapiclient'
/Users/philipyeo/Library/Python/3.9/lib/python/site-packages/google/oauth2/__init__.py:40: FutureWarning: You are using a Python version 3.9 past its end of life. Google will update google-auth with critical bug fixes on a best-effort basis, but not with any other fixes or features. Please upgrade your Python version, and then update google-auth.
  warnings.warn(eol_message.format("3.9"), FutureWarning)
/Users/philipyeo/Library/Python/3.9/lib/python/site-packages/google/auth/__init__.py:54: FutureWarning: You are using a Python version 3.9 past its end of life. Google will update google-auth with critical bug fixes on a best-effort basis, but not with any other fixes or features. Please upgrade your Python version, and then update google-auth.
  warnings.warn(eol_message.format("3.9"), FutureWarning)
/Users/philipyeo/Library/Python/3.9/lib/python/site-packages/urllib3/__init__.py:35: NotOpenSSLWarning: urllib3 v2 only supports OpenSSL 1.1.1+, currently the 'ssl' module is compiled with 'LibreSSL 2.8.3'. See: https://github.com/urllib3/urllib3/issues/3020
  warnings.warn(
Traceback (most recent call last):
  File "/Users/philipyeo/jarvis/server.py", line 15, in <module>
    from googleapiclient.discovery import build
ModuleNotFoundError: No module named 'googleapiclient'
/Users/philipyeo/Library/Python/3.9/lib/python/site-packages/google/oauth2/__init__.py:40: FutureWarning: You are using a Python version 3.9 past its end of life. Google will update google-auth with critical bug fixes on a best-effort basis, but not with any other fixes or features. Please upgrade your Python version, and then update google-auth.
  warnings.warn(eol_message.format("3.9"), FutureWarning)
/Users/philipyeo/Library/Python/3.9/lib/python/site-packages/google/auth/__init__.py:54: FutureWarning: You are using a Python version 3.9 past its end of life. Google will update google-auth with critical bug fixes on a best-effort basis, but not with any other fixes or features. Please upgrade your Python version, and then update google-auth.
  warnings.warn(eol_message.format("3.9"), FutureWarning)
/Users/philipyeo/Library/Python/3.9/lib/python/site-packages/urllib3/__init__.py:35: NotOpenSSLWarning: urllib3 v2 only supports OpenSSL 1.1.1+, currently the 'ssl' module is compiled with 'LibreSSL 2.8.3'. See: https://github.com/urllib3/urllib3/issues/3020
  warnings.warn(
Traceback (most recent call last):
  File "/Users/philipyeo/jarvis/server.py", line 15, in <module>
    from googleapiclient.discovery import build
ModuleNotFoundError: No module named 'googleapiclient'
/Users/philipyeo/Library/Python/3.9/lib/python/site-packages/google/oauth2/__init__.py:40: FutureWarning: You are using a Python version 3.9 past its end of life. Google will update google-auth with critical bug fixes on a best-effort basis, but not with any other fixes or features. Please upgrade your Python version, and then update google-auth.
  warnings.warn(eol_message.format("3.9"), FutureWarning)
/Users/philipyeo/Library/Python/3.9/lib/python/site-packages/google/auth/__init__.py:54: FutureWarning: You are using a Python version 3.9 past its end of life. Google will update google-auth with critical bug fixes on a best-effort basis, but not with any other fixes or features. Please upgrade your Python version, and then update google-auth.
  warnings.warn(eol_message.format("3.9"), FutureWarning)
/Users/philipyeo/Library/Python/3.9/lib/python/site-packages/urllib3/__init__.py:35: NotOpenSSLWarning: urllib3 v2 only supports OpenSSL 1.1.1+, currently the 'ssl' module is compiled with 'LibreSSL 2.8.3'. See: https://github.com/urllib3/urllib3/issues/3020
  warnings.warn(
Traceback (most recent call last):
  File "/Users/philipyeo/jarvis/server.py", line 15, in <module>
    from googleapiclient.discovery import build
ModuleNotFoundError: No module named 'googleapiclient'
/Users/philipyeo/Library/Python/3.9/lib/python/site-packages/google/oauth2/__init__.py:40: FutureWarning: You are using a Python version 3.9 past its end of life. Google will update google-auth with critical bug fixes on a best-effort basis, but not with any other fixes or features. Please upgrade your Python version, and then update google-auth.
  warnings.warn(eol_message.format("3.9"), FutureWarning)
/Users/philipyeo/Library/Python/3.9/lib/python/site-packages/google/auth/__init__.py:54: FutureWarning: You are using a Python version 3.9 past its end of life. Google will update google-auth with critical bug fixes on a best-effort basis, but not with any other fixes or features. Please upgrade your Python version, and then update google-auth.
  warnings.warn(eol_message.format("3.9"), FutureWarning)
/Users/philipyeo/Library/Python/3.9/lib/python/site-packages/urllib3/__init__.py:35: NotOpenSSLWarning: urllib3 v2 only supports OpenSSL 1.1.1+, currently the 'ssl' module is compiled with 'LibreSSL 2.8.3'. See: https://github.com/urllib3/urllib3/issues/3020
  warnings.warn(
Traceback (most recent call last):
  File "/Users/philipyeo/jarvis/server.py", line 15, in <module>
    from googleapiclient.discovery import build
ModuleNotFoundError: No module named 'googleapiclient'
/Users/philipyeo/Library/Python/3.9/lib/python/site-packages/google/oauth2/__init__.py:40: FutureWarning: You are using a Python version 3.9 past its end of life. Google will update google-auth with critical bug fixes on a best-effort basis, but not with any other fixes or features. Please upgrade your Python version, and then update google-auth.
  warnings.warn(eol_message.format("3.9"), FutureWarning)
/Users/philipyeo/Library/Python/3.9/lib/python/site-packages/google/auth/__init__.py:54: FutureWarning: You are using a Python version 3.9 past its end of life. Google will update google-auth with critical bug fixes on a best-effort basis, but not with any other fixes or features. Please upgrade your Python version, and then update google-auth.
  warnings.warn(eol_message.format("3.9"), FutureWarning)
/Users/philipyeo/Library/Python/3.9/lib/python/site-packages/urllib3/__init__.py:35: NotOpenSSLWarning: urllib3 v2 only supports OpenSSL 1.1.1+, currently the 'ssl' module is compiled with 'LibreSSL 2.8.3'. See: https://github.com/urllib3/urllib3/issues/3020
  warnings.warn(
Traceback (most recent call last):
  File "/Users/philipyeo/jarvis/server.py", line 15, in <module>
    from googleapiclient.discovery import build
ModuleNotFoundError: No module named 'googleapiclient'
Traceback (most recent call last):
  File "/Users/philipyeo/jarvis/server.py", line 21, in <module>
    import whisper as whisper_lib
ModuleNotFoundError: No module named 'whisper'
Traceback (most recent call last):
  File "/Users/philipyeo/jarvis/server.py", line 21, in <module>
    import whisper as whisper_lib
ModuleNotFoundError: No module named 'whisper'
Traceback (most recent call last):
  File "/Users/philipyeo/jarvis/server.py", line 21, in <module>
    import whisper as whisper_lib
ModuleNotFoundError: No module named 'whisper'
Traceback (most recent call last):
  File "/Users/philipyeo/jarvis/server.py", line 21, in <module>
    import whisper as whisper_lib
ModuleNotFoundError: No module named 'whisper'
Traceback (most recent call last):
  File "/Users/philipyeo/jarvis/server.py", line 21, in <module>
    import whisper as whisper_lib
ModuleNotFoundError: No module named 'whisper'
Traceback (most recent call last):
  File "/Users/philipyeo/jarvis/server.py", line 21, in <module>
    import whisper as whisper_lib
ModuleNotFoundError: No module named 'whisper'
Traceback (most recent call last):
  File "/Users/philipyeo/jarvis/server.py", line 21, in <module>
    import whisper as whisper_lib
ModuleNotFoundError: No module named 'whisper'
Traceback (most recent call last):
  File "/Users/philipyeo/jarvis/server.py", line 21, in <module>
    import whisper as whisper_lib
ModuleNotFoundError: No module named 'whisper'
Traceback (most recent call last):
  File "/Users/philipyeo/jarvis/server.py", line 1, in <module>
    from flask import Flask, request, jsonify, send_file
ModuleNotFoundError: No module named 'flask'
Traceback (most recent call last):
  File "/Users/philipyeo/jarvis/server.py", line 1, in <module>
    from flask import Flask, request, jsonify, send_file
ModuleNotFoundError: No module named 'flask'
Traceback (most recent call last):
  File "/Users/philipyeo/jarvis/server.py", line 1, in <module>
    from flask import Flask, request, jsonify, send_file
ModuleNotFoundError: No module named 'flask'
Traceback (most recent call last):
  File "/Users/philipyeo/jarvis/server.py", line 1, in <module>
    from flask import Flask, request, jsonify, send_file
ModuleNotFoundError: No module named 'flask'
Traceback (most recent call last):
  File "/Users/philipyeo/jarvis/server.py", line 1, in <module>
    from flask import Flask, request, jsonify, send_file
ModuleNotFoundError: No module named 'flask'
Traceback (most recent call last):
  File "/Users/philipyeo/jarvis/server.py", line 1, in <module>
    from flask import Flask, request, jsonify, send_file
ModuleNotFoundError: No module named 'flask'
Traceback (most recent call last):
  File "/Users/philipyeo/jarvis/server.py", line 1, in <module>
    from flask import Flask, request, jsonify, send_file
ModuleNotFoundError: No module named 'flask'
[31m[1mWARNING: This is a development server. Do not use it in a production deployment. Use a production WSGI server instead.[0m
 * Running on https://127.0.0.1:5001
[33mPress CTRL+C to quit[0m
[31m[1mWARNING: This is a development server. Do not use it in a production deployment. Use a production WSGI server instead.[0m
 * Running on https://127.0.0.1:5001
[33mPress CTRL+C to quit[0m
[31m[1mWARNING: This is a development server. Do not use it in a production deployment. Use a production WSGI server instead.[0m
 * Running on http://127.0.0.1:5001
[33mPress CTRL+C to quit[0m
127.0.0.1 - - [30/May/2026 20:34:57] "POST /datetime HTTP/1.1" 200 -
127.0.0.1 - - [30/May/2026 20:38:09] "GET /memory/load HTTP/1.1" 200 -
127.0.0.1 - - [30/May/2026 20:38:12] "GET /memory/load HTTP/1.1" 200 -
127.0.0.1 - - [30/May/2026 20:38:16] code 400, message Bad request version ('v\x84ÍßÏ$Æ')
127.0.0.1 - - [30/May/2026 20:38:16] "[31m[1m\x16\x03\x01\x06Ò\x01\x00\x06Î\x03\x03Æ\x9dc6T:\x0b@^]«ãT:\x13ï½2\x00²\x83/Ôé\x04ùB\x82à&®\x19 v\x84ÍßÏ$Æ[0m" 400 -
127.0.0.1 - - [30/May/2026 20:38:16] code 400, message Bad request version ('²û:û\x9fád\x98ðy?¦ú')
127.0.0.1 - - [30/May/2026 20:38:16] "[31m[1m\x16\x03\x01\x06Ò\x01\x00\x06Î\x03\x039TË]y¬v;Öó\x0b<\x94Ê}æiÓRQ ~æÿÃk\x96Ö¯ÕÁg \x0bãËÌK@£Yÿ\x02\x9cA·JK\x89ÉiS\x92©\x88^'tf¢{3é¬\x14\x00 ºº\x13\x01\x13\x02\x13\x03À+À/À,À0Ì©Ì¨À\x13À\x14\x00\x9c\x00\x9d\x00/\x005\x01\x00\x06eJJ\x00\x00\x00+\x00\x07\x06::\x03\x04\x03\x03DÍ\x00\x05\x00\x03\x02h2þ\x0d\x00Ú\x00\x00\x01\x00\x01·\x00 \x1b\x81dj\x1aGßY4ø\x08£4Svølhfü[îÏä\x8c.&k\x94CY3\x00°l»j\x08LÐ\x90.\x02òU^\x16-Ó\x9dX'wzn\x8eÙÐQh·\x88Y\x98ân/°í\x9a*,àl2\x13Z\x83÷\x8fî\x8ewcö/Hò\x19Ã!Z\x99¿OQ5\x1fíZeKLß\x00\x87ú\x0fó\x83\x8bH±(uXxØ¼´°/_T.=\x81Å\x06V¶Ü=\x98Ìy\x95Ô\x05¥\x06ê©\x80çD(Î´Jý\x98F\x9f«ôr\x13´\x90»¹\x98Ku£m\x08\x83´y u\x0eÎJþ­·ý§±\x0f\x8f\x07Ä\x15,ç;P\x09Q\x84x\x0cØ\x8f\x17L´\x91Ñ\x84üæ\x9eî\x16·\x00\x05\x00\x05\x01\x00\x00\x00\x00ÿ\x01\x00\x01\x00\x003\x04ï\x04íÊÊ\x00\x01\x00\x11ì\x04Àc·Ësù\x0fs·°IAb÷Uxx\x9c+©\x18\x81º+\x89\x12z9E\x9b9\x05C\x8a³àº\x93#)Õ*\x91èØ\x14½S·\x86\x85N\x9d¨m\x02\x03¬>VÊ:Pz\x9e\x92\x98A4!Ü\x93>ë\x11_¡rÊ¿Y±\x17yEE \x08'cT\x84\x99E\x14»\x80¯¤ÊrÐ\x99\x1d±\x08±°8m\x15»9\x14=ê ÄY²#ùà$\x93²d\x0d£\x12ÍR\x09&@(\x9dçmÄY\x05K\x04ª3á\x81Ý\x18ÇMÑ\x94sl¦¶v1\x1e+U\x09dI\x16\x89A¯\x0bo"\x05=?B\x82Ý\\\x0f~êw;\x92`½ô:\x0eÖ°9\x8c\x17&\x84]\x1b1%¸c´\x91µu\x01µ¿Är^û2@m©r\x94\x96gÊ\x03¶ñÙ~\x1d¸:êÂ\\q¤\x13â»\x8bÓ\x1aswS`\\\x84t+\x04¶Ö"\x81©[\x0fX\x18#Xä°/\x87N\x80lÁç&¦÷é'U\x13^\\\x0c<cÂycù¾çÛ´\x1677ÊRÂÈu\x11\x9aðÄ!\x85­»ZkÖ\x08\x9aé¤q´VÇ>%\x01Ìá\x8aãÊ\x90\x18Ç\x17\x97¦K!¸4/ût}Û¤\x80Sim\x86©\x1c×Qä«\x93Ó\x16tC \x1bVô\x8e\x1b"\x83¤\x86`føQc\x9c4\x10ö~W\x12Ï/\x92Q\x0f\x11ml\x1c¨Û·L#U\x1bá¼")ð\x9aÞñr\x84PÉD\x17LÒ\x06)<85\x04²¼!¹³¸TE\x0bÂÁ\x92\x8a·2¦\x15-;_é\x89\x0e\x88[`\x08&\x83Ù\x9a£è$´\x1dy\x1dµ \x10\x1bµ\x9f>©\x15@\x15½ªö\x9eG\x02\x86\x12,¯\x09\x91«\x9bå|>\x05Ð´zZh³Î\x08q/Ñt\x9d®L{ç#\x01²a"§s@"'ºº\x15L\x1dYÅ\x07u\x95\x16[z3\x89'\x85I\x80\x91â§ñüÃj\x03)´\x10\x1a\x95©ktP\x87\x8e\x8c^ÙP;(Ê\x05½07\x89AE\x10´KÄIµ:\x97¹jË\x14K@w4\x18¬F¡cNz]úÖun\x13A¡ÕI\x07Ñ6e\x16\x03\x05Y\x9dOyVt÷\x1dê8eY¢RÀ@\x83\x8ff¸¦û>3\x97h\x81Â\x1bò[|\x1d\x07*Õ\x03ÄU\x95=1Å{5[}\x8d\x9b\x94!\x92fÿùkP`+\x98X°vÚ\x92ð\x02É¬ª¸\x9e°Á\x10*\x1dz\x92o\x17ÙÌ\x97\x99¨çêzÍT]Ýl\x1doA\x09\x02ðPâ\x82\x9d\x8a6¤Ï\x87Wo\x96J\x02Ç\x0e½ä\x89yH\x12¬\x03À\x86\x9c\x16©Ë(ÆÛ\x86pû#\x9e#U\x7fD4XèOâ\\hÕ£Ã»\\CM©6íErïû\x86Jõ¢/(¤]k\x9bv¦cGb\x91S\x8a­\x96óÂÝÉ)(\x98|×\x19ÏÚà\x80'\x82¬\x95\x01"gâcNTÍÞ7¹t\x19½úVM*ÉC\x91ñ\x19ºÒ«Á£\x0dc\x85\x80¤Ô\x85!\x8ajbs ±¤I\x95\x9b\x84à ^=4\x82Í(]\x8fã\x98ûÐË0\x9a¿\x83'V£\x1c\x89_Zm¥"\x01°\x86ZÙd}ýÖ^Î\x18V}ZÈ\x1bºA\x87\x9a_\x92¦²\x1d%3)Ã²æë3ã|9\x1eº\x8c"Ðµy\x952CÂ\x1d¾\x18¬áiz\x86·Ç \x1b\x1d»%S¿\x04\x0d\x95\x19\x1aíÂ\x11\x03R jJ¡¦5pR)!"1\x93ö©I\x17Â¶m6°í·\x969ö\x00Ä,*\x0cÂ\x12æ×;­ºy)*\x9a¬Ôd\x13Å\x07[£À\x87\x04\x0d\x99\x06bÅ\x88+_B\x1búF"/1¹\x8c,\x99¶Ú\x87\x0eTK2¦X¥â´\x1eÓ\x91AÛd³sS\x8e!Vh\x02\x0d\x1eÅDÑJ\x16¹\x18r\x19ä\x01ô\x91`£åH\x01ÐÄ0RÀ%¦\x92ç¸\x12\x80W%OStäl¤hÆR\x13±µI1CUÈÆáô$\x8e¢ \x83vT,2aâB\x0eÓ\x00\x82Úkf\x80è"°ê©\x8få\x0bÐô.\x99x\x04TðtEóO\x04C\x85\x05¼\x08\x9aÄ² \x91WÙ\x1d»s\x80È\x813ß\x13s|W,dÍ¯\x9bõ\x1d¯\x90e(0[÷ØU\x04o\x00étð¹c\x1c²û:û\x9fád\x98ðy?¦ú[0m" 400 -
127.0.0.1 - - [30/May/2026 20:38:16] code 400, message Bad request version ('ë\x95\x1aç6X\x81\x96ÇH+H/Ë\x89"¬Â\x9fä=\x14gDì\x11:\x97\x80)\x18\\8Tù\x19õu')
127.0.0.1 - - [30/May/2026 20:38:16] "[31m[1m\x16\x03\x01\x06ò\x01\x00\x06î\x03\x03À¥4\x13¦\x82Z¶ \x83\x04ënò0\x99\x05\\Ø\x19Ã\x96jrà\x16d \x9bg\x1c2 \x85&³N\x87\x15qCh\x03ßS\x94\x9eÈRµ\x8b Îv§\x8a5¿¸tBg\x80±#\x00 ZZ\x13\x01\x13\x02\x13\x03À+À/À,À0Ì©Ì¨À\x13À\x14\x00\x9c\x00\x9d\x00/\x005\x01\x00\x06\x85ºº\x00\x00\x00\x0b\x00\x02\x01\x00\x00\x17\x00\x00DÍ\x00\x05\x00\x03\x02h2\x00\x12\x00\x00\x00\x05\x00\x05\x01\x00\x00\x00\x00\x00+\x00\x07\x06JJ\x03\x04\x03\x03\x003\x04ï\x04íúú\x00\x01\x00\x11ì\x04ÀÂ\x14§ö\x07\x11;\x15\x93'Á°\x9c\x86gÑù6½\x96\x90'ë\x8fî@t\x87¬\x9d\x04\x84\x8c.w\x82éÌ-êì\x81"è8G\x849Wr\x1a"C~Ör§«¡\x98äË\x9e\x92\x14\x80]¶y/×yÅë¤°ç¦sðª\x15\x05ið\x84\x84«¤Pj|t72\x94~ç\x82ðÇsQ\x10KÀ"\x8d\x89¢R\x98P}§Ì\x82g \x8d\x83r\x96G×DÓ\x07\x14\x19ùÆdàÀB3NîLJÔKZô\x93\x1a\x89Å¢\x13¢"ëø«\x8bÆ\x97\x9f£µc¬9Æð¥à!\x85Úñ\x97\x82óÇÛ7\x0cøºÏ\x91R\x04\x09£\x0b`\x8c:#\x1a\x11f\x16.OkY\x0c¨\x15\x9eÅ\x87/\x8c-\x81Ä/\x97å\x8f \x05?iì\x80ý¢>Þ¥È\x8e\x16{\x12X\x89F\x87&£<6ÞÂAµ\x13ku9\x89n\x1aV\x8d·$Ù\x1a}e\x00C²¨\x86vtÆ\x00eÅzi`[<\x98d²/oØ\x0fÍ\x82\x19\x8e\x87²l¹\x96\x8f\x8awcK-ë°\x8d~º\x93\x06; ë\x95\x1aç6X\x81\x96ÇH+H/Ë\x89"¬Â\x9fä=\x14gDì\x11:\x97\x80)\x18\\8Tù\x19õu[0m" 400 -
127.0.0.1 - - [30/May/2026 20:38:16] code 400, message Bad request version ('Ü/\x02UñòH»H')
127.0.0.1 - - [30/May/2026 20:38:16] "[31m[1m\x16\x03\x01\x07\x12\x01\x00\x07\x0e\x03\x03\x10§\x04ÖÁ\x0dÍ\x91y\x13ò;`Û¢v\x83[ñxÚÇÜ{g\x02Òß\x1bÈÊ\\ Ì¥XÂì\x1a\x1c'\x84\x80ÿ7\x13\x88\x1eÜ/\x02UñòH»H[0m" 400 -
127.0.0.1 - - [30/May/2026 20:38:16] code 400, message Bad request version ('\x02h2\x08http/1.1\x00\x1b\x00\x03\x02\x00\x02\x00')
127.0.0.1 - - [30/May/2026 20:38:16] "[31m[1m\x16\x03\x01\x06ò\x01\x00\x06î\x03\x03\x00\x96º\x17L\x12«\x15\x16\x80ÑÖ÷DÝL¾ÚÅß{ê²åØÝ·çK\x0eno ^\x05©?®-1UµqÆÀ0ñ¬\x05ï\x13ý\x08 ÿ\x81½Won×»Êüh\x00 ::\x13\x01\x13\x02\x13\x03À+À/À,À0Ì©Ì¨À\x13À\x14\x00\x9c\x00\x9d\x00/\x005\x01\x00\x06\x85ÚÚ\x00\x00\x00#\x00\x00\x00+\x00\x07\x06ZZ\x03\x04\x03\x03\x00\x00\x00\x0e\x00\x0c\x00\x00\x09localhost\x00\x17\x00\x00\x00\x0b\x00\x02\x01\x00\x00\x10\x00\x0e\x00\x0c\x02h2\x08http/1.1\x00\x1b\x00\x03\x02\x00\x02\x00[0m" 400 -
127.0.0.1 - - [30/May/2026 20:38:16] code 400, message Bad request version ('localhost\x00\x05\x00\x05\x01\x00\x00\x00\x00\x00+\x00\x07\x06')
127.0.0.1 - - [30/May/2026 20:38:16] "[31m[1m\x16\x03\x01\x07\x12\x01\x00\x07\x0e\x03\x03¯b)X\x00\x9aJÆÁÈWÈ8Ú\x00Î`\x1c\x96l¢\x86ª0 }s\x05B¹Îi \x9cj\x1cÿ*\x8f\x9b\x1d\x01á»\x02´ºmFÉF\x19Ý\x12+&`»ó\x96\x91$ÐQ[\x00 ZZ\x13\x01\x13\x02\x13\x03À+À/À,À0Ì©Ì¨À\x13À\x14\x00\x9c\x00\x9d\x00/\x005\x01\x00\x06¥::\x00\x00ÿ\x01\x00\x01\x00\x00\x00\x00\x0e\x00\x0c\x00\x00\x09localhost\x00\x05\x00\x05\x01\x00\x00\x00\x00\x00+\x00\x07\x06[0m" 400 -
127.0.0.1 - - [30/May/2026 20:38:16] code 400, message Bad request version ('ÖsÕt¸²P/Â1GØiH\x97(\x80\x8eç¼\x87\x89\x8bf\x94q\x91$\x95\x0e\x9aÝln\x18®\x1bÚL*GÁsø°Ô£±9+\x08')
127.0.0.1 - - [30/May/2026 20:38:16] "[31m[1m\x16\x03\x01\x06²\x01\x00\x06®\x03\x03É\x907<\x04°\x180m\x87x÷Îõçu^¦\x81dv\x81\x0d>\x96\x16n\x80üX\x8d¾ Â\x09Ô½\x82\x94Ú&É\x05«þ'X¼p\x1c±Á\x95\x86ü\x1cÞ\x91É\x86¡Ö\x95Òd\x00 ªª\x13\x01\x13\x02\x13\x03À+À/À,À0Ì©Ì¨À\x13À\x14\x00\x9c\x00\x9d\x00/\x005\x01\x00\x06E\x9a\x9a\x00\x00þ\x0d\x00º\x00\x00\x01\x00\x01À\x00 \x8a\x16Pß\x1fçÅ`@z)*@\x15#\x82±U{\x81"°\x19°\x15M8»b­\x09R\x00\x90\x11\x0bòô§°\x90¯_Î ÖsÕt¸²P/Â1GØiH\x97(\x80\x8eç¼\x87\x89\x8bf\x94q\x91$\x95\x0e\x9aÝln\x18®\x1bÚL*GÁsø°Ô£±9+\x08 [0m" 400 -
127.0.0.1 - - [30/May/2026 20:38:16] code 400, message Bad request version ('s\x95«\x86\x92')
127.0.0.1 - - [30/May/2026 20:38:16] "[31m[1m\x16\x03\x01\x06²\x01\x00\x06®\x03\x03\x16&\x86I­AÑxEå\x1dÓ\x04ê s\x95«\x86\x92[0m" 400 -
127.0.0.1 - - [30/May/2026 20:38:16] code 400, message Bad request version ('\x92ÇóãI´È<ðØ±$Ð\x90Q')
127.0.0.1 - - [30/May/2026 20:38:16] code 400, message Bad HTTP/0.9 request type ('\x16\x03\x01\x06²\x01\x00\x06®\x03\x03*Î\x92\x0e4±ïÆÔ\x89\x81uÎb[]buÇ\x02ä}')
127.0.0.1 - - [30/May/2026 20:38:16] "[31m[1m\x16\x03\x01\x06²\x01\x00\x06®\x03\x03*Î\x92\x0e4±ïÆÔ\x89\x81uÎb[]buÇ\x02ä}\x1ezô\x94®Rõ\x9b¹À [0m" 400 -
127.0.0.1 - - [30/May/2026 20:38:16] "[31m[1m\x16\x03\x01\x07\x12\x01\x00\x07\x0e\x03\x03Ú\x11¹\x15x\x063\x03ºQÔw(çz'ÆªmË­\x97Á'5:èý´¤©¢ \x9aÇI\x95\x07\x9b\x0f\x0fÔ÷×^Ëß²:)y\x0f ¤ `\x83Nº.\x15 \x87×â\x00 úú\x13\x01\x13\x02\x13\x03À+À/À,À0Ì©Ì¨À\x13À\x14\x00\x9c\x00\x9d\x00/\x005\x01\x00\x06¥ZZ\x00\x00ÿ\x01\x00\x01\x00\x00\x10\x00\x0e\x00\x0c\x02h2\x08http/1.1\x00-\x00\x02\x01\x01\x00\x00\x00\x0e\x00\x0c\x00\x00\x09localhost\x00\x0d\x00\x12\x00\x10\x04\x03\x08\x04\x04\x01\x05\x03\x08\x05\x05\x01\x08\x06\x06\x01\x00#\x00\x00\x003\x04ï\x04í\x1a\x1a\x00\x01\x00\x11ì\x04À\x9dlC\x88òpÀ¨µ\x8fÔ\x8eºa}åU¡E»ËÕµ\x08süg½°9\x0c:»\x0dà´/\x92Y7Ò\x15ÕZ$S¬»mQ\x84\x85"\x0ds\x0bg= \x99ý\x87\x83ÎõRt\x15\x08\x9a¦J*p\x04¥b\x05r\x12u¬Vs\x12°ª:òtx\x87\x03zä\x02\x1f{&Ë\x8a\x0f\x1e\x84ev\x922\x90\x98¸Ü+\x049\x9chó\x82\x85{<Bä\x81%T\x90_³\x16\x1cÕ\\[\x1c¦\x13÷\x87Æù\x10»¥X¼H\x9a\x9d~é¡rÛ¥Z\x1b\x14­d!èç[DG\x03G\x97\x1cN\x93¬®gO¢¶'Ò(\x06øDb\x83GËIY\x8fý\x17[\x19G\x09/¬,\x98\x96ZAà9ÊÄ\x01Î6\x90hå^æ|\x1cP\x11¤ÕÆ\x13¨å\x87ÚÌ\x0d\x86Õ\x04\x85wc\x88äf\x9a7¢ÏÆ\x100V\x1bû\x09I2%uL\x86X\x14\x99vêô].Ç`\x03E\x84 ¶l\x88\x12p\x98$\x0ey`¥Ó\x05K%c\x9fj67Ò\x91\x8e\x8c7[\x89÷§ÕÇ¥ì\x04\x17×\x15¼Hâ¨Ãk³.\x8b^Ú"%«\x95\x81­Duás¢i5Çg\x04\x9eájMÃa\x02\x95°iÐj \x89ÆÀ\x0e¡²|'°[UÃ\x0d\x92ÇóãI´È<ðØ±$Ð\x90Q[0m" 400 -
[31m[1mWARNING: This is a development server. Do not use it in a production deployment. Use a production WSGI server instead.[0m
 * Running on https://127.0.0.1:5001
[33mPress CTRL+C to quit[0m
127.0.0.1 - - [30/May/2026 21:14:42] "POST /datetime HTTP/1.1" 200 -
127.0.0.1 - - [30/May/2026 21:14:58] "[33mGET / HTTP/1.1[0m" 404 -
127.0.0.1 - - [30/May/2026 21:14:59] "[33mGET /favicon.ico HTTP/1.1[0m" 404 -
127.0.0.1 - - [30/May/2026 21:15:09] "OPTIONS /datetime HTTP/1.1" 200 -
127.0.0.1 - - [30/May/2026 21:15:09] "OPTIONS /calendar/upcoming HTTP/1.1" 200 -
127.0.0.1 - - [30/May/2026 21:15:09] "OPTIONS /gmail/count HTTP/1.1" 200 -
127.0.0.1 - - [30/May/2026 21:15:09] "OPTIONS /websearch HTTP/1.1" 200 -
127.0.0.1 - - [30/May/2026 21:15:09] "POST /datetime HTTP/1.1" 200 -
127.0.0.1 - - [30/May/2026 21:15:09] "POST /websearch HTTP/1.1" 200 -
127.0.0.1 - - [30/May/2026 21:15:11] "POST /calendar/upcoming HTTP/1.1" 200 -
127.0.0.1 - - [30/May/2026 21:15:11] "POST /gmail/count HTTP/1.1" 200 -
[2026-05-30 21:15:13,385] ERROR in app: Exception on /transcribe [POST]
Traceback (most recent call last):
  File "/Users/philipyeo/jarvis/venv/lib/python3.14/site-packages/flask/app.py", line 1511, in wsgi_app
    response = self.full_dispatch_request()
  File "/Users/philipyeo/jarvis/venv/lib/python3.14/site-packages/flask/app.py", line 919, in full_dispatch_request
    rv = self.handle_user_exception(e)
  File "/Users/philipyeo/jarvis/venv/lib/python3.14/site-packages/flask_cors/extension.py", line 176, in wrapped_function
    return cors_after_request(app.make_response(f(*args, **kwargs)))
                                                ~^^^^^^^^^^^^^^^^^
  File "/Users/philipyeo/jarvis/venv/lib/python3.14/site-packages/flask/app.py", line 917, in full_dispatch_request
    rv = self.dispatch_request()
  File "/Users/philipyeo/jarvis/venv/lib/python3.14/site-packages/flask/app.py", line 902, in dispatch_request
    return self.ensure_sync(self.view_functions[rule.endpoint])(**view_args)  # type: ignore[no-any-return]
           ~~~~~~~~~~~~~~~~~~~~~~~~~~~~~~~~~~~~~~~~~~~~~~~~~~~~^^^^^^^^^^^^^
  File "/Users/philipyeo/jarvis/server.py", line 593, in transcribe
    subprocess.run(['ffmpeg', '-y', '-i', tmp_path, wav_path],
    ~~~~~~~~~~~~~~^^^^^^^^^^^^^^^^^^^^^^^^^^^^^^^^^^^^^^^^^^^^
                   capture_output=True)
                   ^^^^^^^^^^^^^^^^^^^^
  File "/Library/Frameworks/Python.framework/Versions/3.14/lib/python3.14/subprocess.py", line 554, in run
    with Popen(*popenargs, **kwargs) as process:
         ~~~~~^^^^^^^^^^^^^^^^^^^^^^
  File "/Library/Frameworks/Python.framework/Versions/3.14/lib/python3.14/subprocess.py", line 1038, in __init__
    self._execute_child(args, executable, preexec_fn, close_fds,
    ~~~~~~~~~~~~~~~~~~~^^^^^^^^^^^^^^^^^^^^^^^^^^^^^^^^^^^^^^^^^
                        pass_fds, cwd, env,
                        ^^^^^^^^^^^^^^^^^^^
    ...<5 lines>...
                        gid, gids, uid, umask,
                        ^^^^^^^^^^^^^^^^^^^^^^
                        start_new_session, process_group)
                        ^^^^^^^^^^^^^^^^^^^^^^^^^^^^^^^^^
  File "/Library/Frameworks/Python.framework/Versions/3.14/lib/python3.14/subprocess.py", line 1989, in _execute_child
    raise child_exception_type(errno_num, err_msg, err_filename)
FileNotFoundError: [Errno 2] No such file or directory: 'ffmpeg'
127.0.0.1 - - [30/May/2026 21:15:13] "[35m[1mPOST /transcribe HTTP/1.1[0m" 500 -
127.0.0.1 - - [30/May/2026 21:15:17] "OPTIONS /speak HTTP/1.1" 200 -
[2026-05-30 21:15:17,383] ERROR in app: Exception on /transcribe [POST]
Traceback (most recent call last):
  File "/Users/philipyeo/jarvis/venv/lib/python3.14/site-packages/flask/app.py", line 1511, in wsgi_app
    response = self.full_dispatch_request()
  File "/Users/philipyeo/jarvis/venv/lib/python3.14/site-packages/flask/app.py", line 919, in full_dispatch_request
    rv = self.handle_user_exception(e)
  File "/Users/philipyeo/jarvis/venv/lib/python3.14/site-packages/flask_cors/extension.py", line 176, in wrapped_function
    return cors_after_request(app.make_response(f(*args, **kwargs)))
                                                ~^^^^^^^^^^^^^^^^^
  File "/Users/philipyeo/jarvis/venv/lib/python3.14/site-packages/flask/app.py", line 917, in full_dispatch_request
    rv = self.dispatch_request()
  File "/Users/philipyeo/jarvis/venv/lib/python3.14/site-packages/flask/app.py", line 902, in dispatch_request
    return self.ensure_sync(self.view_functions[rule.endpoint])(**view_args)  # type: ignore[no-any-return]
           ~~~~~~~~~~~~~~~~~~~~~~~~~~~~~~~~~~~~~~~~~~~~~~~~~~~~^^^^^^^^^^^^^
  File "/Users/philipyeo/jarvis/server.py", line 593, in transcribe
    subprocess.run(['ffmpeg', '-y', '-i', tmp_path, wav_path],
    ~~~~~~~~~~~~~~^^^^^^^^^^^^^^^^^^^^^^^^^^^^^^^^^^^^^^^^^^^^
                   capture_output=True)
                   ^^^^^^^^^^^^^^^^^^^^
  File "/Library/Frameworks/Python.framework/Versions/3.14/lib/python3.14/subprocess.py", line 554, in run
    with Popen(*popenargs, **kwargs) as process:
         ~~~~~^^^^^^^^^^^^^^^^^^^^^^
  File "/Library/Frameworks/Python.framework/Versions/3.14/lib/python3.14/subprocess.py", line 1038, in __init__
    self._execute_child(args, executable, preexec_fn, close_fds,
    ~~~~~~~~~~~~~~~~~~~^^^^^^^^^^^^^^^^^^^^^^^^^^^^^^^^^^^^^^^^^
                        pass_fds, cwd, env,
                        ^^^^^^^^^^^^^^^^^^^
    ...<5 lines>...
                        gid, gids, uid, umask,
                        ^^^^^^^^^^^^^^^^^^^^^^
                        start_new_session, process_group)
                        ^^^^^^^^^^^^^^^^^^^^^^^^^^^^^^^^^
  File "/Library/Frameworks/Python.framework/Versions/3.14/lib/python3.14/subprocess.py", line 1989, in _execute_child
    raise child_exception_type(errno_num, err_msg, err_filename)
FileNotFoundError: [Errno 2] No such file or directory: 'ffmpeg'
127.0.0.1 - - [30/May/2026 21:15:17] "[35m[1mPOST /transcribe HTTP/1.1[0m" 500 -
127.0.0.1 - - [30/May/2026 21:15:22] "POST /speak HTTP/1.1" 200 -
127.0.0.1 - - [30/May/2026 21:15:22] "OPTIONS /speak HTTP/1.1" 200 -
127.0.0.1 - - [30/May/2026 21:15:23] "POST /speak HTTP/1.1" 200 -
127.0.0.1 - - [30/May/2026 21:15:24] "POST /speak HTTP/1.1" 200 -
127.0.0.1 - - [30/May/2026 21:15:33] "OPTIONS /datetime HTTP/1.1" 200 -
127.0.0.1 - - [30/May/2026 21:15:33] "OPTIONS /calendar/upcoming HTTP/1.1" 200 -
127.0.0.1 - - [30/May/2026 21:15:33] "OPTIONS /gmail/count HTTP/1.1" 200 -
127.0.0.1 - - [30/May/2026 21:15:33] "OPTIONS /websearch HTTP/1.1" 200 -
127.0.0.1 - - [30/May/2026 21:15:33] "POST /datetime HTTP/1.1" 200 -
127.0.0.1 - - [30/May/2026 21:15:33] "POST /websearch HTTP/1.1" 200 -
127.0.0.1 - - [30/May/2026 21:15:34] "POST /calendar/upcoming HTTP/1.1" 200 -
127.0.0.1 - - [30/May/2026 21:15:34] "POST /gmail/count HTTP/1.1" 200 -
[2026-05-30 21:15:36,134] ERROR in app: Exception on /transcribe [POST]
Traceback (most recent call last):
  File "/Users/philipyeo/jarvis/venv/lib/python3.14/site-packages/flask/app.py", line 1511, in wsgi_app
    response = self.full_dispatch_request()
  File "/Users/philipyeo/jarvis/venv/lib/python3.14/site-packages/flask/app.py", line 919, in full_dispatch_request
    rv = self.handle_user_exception(e)
  File "/Users/philipyeo/jarvis/venv/lib/python3.14/site-packages/flask_cors/extension.py", line 176, in wrapped_function
    return cors_after_request(app.make_response(f(*args, **kwargs)))
                                                ~^^^^^^^^^^^^^^^^^
  File "/Users/philipyeo/jarvis/venv/lib/python3.14/site-packages/flask/app.py", line 917, in full_dispatch_request
    rv = self.dispatch_request()
  File "/Users/philipyeo/jarvis/venv/lib/python3.14/site-packages/flask/app.py", line 902, in dispatch_request
    return self.ensure_sync(self.view_functions[rule.endpoint])(**view_args)  # type: ignore[no-any-return]
           ~~~~~~~~~~~~~~~~~~~~~~~~~~~~~~~~~~~~~~~~~~~~~~~~~~~~^^^^^^^^^^^^^
  File "/Users/philipyeo/jarvis/server.py", line 593, in transcribe
    subprocess.run(['ffmpeg', '-y', '-i', tmp_path, wav_path],
    ~~~~~~~~~~~~~~^^^^^^^^^^^^^^^^^^^^^^^^^^^^^^^^^^^^^^^^^^^^
                   capture_output=True)
                   ^^^^^^^^^^^^^^^^^^^^
  File "/Library/Frameworks/Python.framework/Versions/3.14/lib/python3.14/subprocess.py", line 554, in run
    with Popen(*popenargs, **kwargs) as process:
         ~~~~~^^^^^^^^^^^^^^^^^^^^^^
  File "/Library/Frameworks/Python.framework/Versions/3.14/lib/python3.14/subprocess.py", line 1038, in __init__
    self._execute_child(args, executable, preexec_fn, close_fds,
    ~~~~~~~~~~~~~~~~~~~^^^^^^^^^^^^^^^^^^^^^^^^^^^^^^^^^^^^^^^^^
                        pass_fds, cwd, env,
                        ^^^^^^^^^^^^^^^^^^^
    ...<5 lines>...
                        gid, gids, uid, umask,
                        ^^^^^^^^^^^^^^^^^^^^^^
                        start_new_session, process_group)
                        ^^^^^^^^^^^^^^^^^^^^^^^^^^^^^^^^^
  File "/Library/Frameworks/Python.framework/Versions/3.14/lib/python3.14/subprocess.py", line 1989, in _execute_child
    raise child_exception_type(errno_num, err_msg, err_filename)
FileNotFoundError: [Errno 2] No such file or directory: 'ffmpeg'
127.0.0.1 - - [30/May/2026 21:15:36] "[35m[1mPOST /transcribe HTTP/1.1[0m" 500 -
127.0.0.1 - - [30/May/2026 21:15:36] "OPTIONS /speak HTTP/1.1" 200 -
127.0.0.1 - - [30/May/2026 21:15:37] "POST /speak HTTP/1.1" 200 -
127.0.0.1 - - [30/May/2026 21:15:38] "POST /speak HTTP/1.1" 200 -
127.0.0.1 - - [30/May/2026 21:15:41] "POST /speak HTTP/1.1" 200 -
[2026-05-30 21:15:52,237] ERROR in app: Exception on /transcribe [POST]
Traceback (most recent call last):
  File "/Users/philipyeo/jarvis/venv/lib/python3.14/site-packages/flask/app.py", line 1511, in wsgi_app
    response = self.full_dispatch_request()
  File "/Users/philipyeo/jarvis/venv/lib/python3.14/site-packages/flask/app.py", line 919, in full_dispatch_request
    rv = self.handle_user_exception(e)
  File "/Users/philipyeo/jarvis/venv/lib/python3.14/site-packages/flask_cors/extension.py", line 176, in wrapped_function
    return cors_after_request(app.make_response(f(*args, **kwargs)))
                                                ~^^^^^^^^^^^^^^^^^
  File "/Users/philipyeo/jarvis/venv/lib/python3.14/site-packages/flask/app.py", line 917, in full_dispatch_request
    rv = self.dispatch_request()
  File "/Users/philipyeo/jarvis/venv/lib/python3.14/site-packages/flask/app.py", line 902, in dispatch_request
    return self.ensure_sync(self.view_functions[rule.endpoint])(**view_args)  # type: ignore[no-any-return]
           ~~~~~~~~~~~~~~~~~~~~~~~~~~~~~~~~~~~~~~~~~~~~~~~~~~~~^^^^^^^^^^^^^
  File "/Users/philipyeo/jarvis/server.py", line 593, in transcribe
    subprocess.run(['ffmpeg', '-y', '-i', tmp_path, wav_path],
    ~~~~~~~~~~~~~~^^^^^^^^^^^^^^^^^^^^^^^^^^^^^^^^^^^^^^^^^^^^
                   capture_output=True)
                   ^^^^^^^^^^^^^^^^^^^^
  File "/Library/Frameworks/Python.framework/Versions/3.14/lib/python3.14/subprocess.py", line 554, in run
    with Popen(*popenargs, **kwargs) as process:
         ~~~~~^^^^^^^^^^^^^^^^^^^^^^
  File "/Library/Frameworks/Python.framework/Versions/3.14/lib/python3.14/subprocess.py", line 1038, in __init__
    self._execute_child(args, executable, preexec_fn, close_fds,
    ~~~~~~~~~~~~~~~~~~~^^^^^^^^^^^^^^^^^^^^^^^^^^^^^^^^^^^^^^^^^
                        pass_fds, cwd, env,
                        ^^^^^^^^^^^^^^^^^^^
    ...<5 lines>...
                        gid, gids, uid, umask,
                        ^^^^^^^^^^^^^^^^^^^^^^
                        start_new_session, process_group)
                        ^^^^^^^^^^^^^^^^^^^^^^^^^^^^^^^^^
  File "/Library/Frameworks/Python.framework/Versions/3.14/lib/python3.14/subprocess.py", line 1989, in _execute_child
    raise child_exception_type(errno_num, err_msg, err_filename)
FileNotFoundError: [Errno 2] No such file or directory: 'ffmpeg'
127.0.0.1 - - [30/May/2026 21:15:52] "[35m[1mPOST /transcribe HTTP/1.1[0m" 500 -
[2026-05-30 21:19:04,032] ERROR in app: Exception on /transcribe [POST]
Traceback (most recent call last):
  File "/Users/philipyeo/jarvis/venv/lib/python3.14/site-packages/flask/app.py", line 1511, in wsgi_app
    response = self.full_dispatch_request()
  File "/Users/philipyeo/jarvis/venv/lib/python3.14/site-packages/flask/app.py", line 919, in full_dispatch_request
    rv = self.handle_user_exception(e)
  File "/Users/philipyeo/jarvis/venv/lib/python3.14/site-packages/flask_cors/extension.py", line 176, in wrapped_function
    return cors_after_request(app.make_response(f(*args, **kwargs)))
                                                ~^^^^^^^^^^^^^^^^^
  File "/Users/philipyeo/jarvis/venv/lib/python3.14/site-packages/flask/app.py", line 917, in full_dispatch_request
    rv = self.dispatch_request()
  File "/Users/philipyeo/jarvis/venv/lib/python3.14/site-packages/flask/app.py", line 902, in dispatch_request
    return self.ensure_sync(self.view_functions[rule.endpoint])(**view_args)  # type: ignore[no-any-return]
           ~~~~~~~~~~~~~~~~~~~~~~~~~~~~~~~~~~~~~~~~~~~~~~~~~~~~^^^^^^^^^^^^^
  File "/Users/philipyeo/jarvis/server.py", line 593, in transcribe
    subprocess.run(['ffmpeg', '-y', '-i', tmp_path, wav_path],
    ~~~~~~~~~~~~~~^^^^^^^^^^^^^^^^^^^^^^^^^^^^^^^^^^^^^^^^^^^^
                   capture_output=True)
                   ^^^^^^^^^^^^^^^^^^^^
  File "/Library/Frameworks/Python.framework/Versions/3.14/lib/python3.14/subprocess.py", line 554, in run
    with Popen(*popenargs, **kwargs) as process:
         ~~~~~^^^^^^^^^^^^^^^^^^^^^^
  File "/Library/Frameworks/Python.framework/Versions/3.14/lib/python3.14/subprocess.py", line 1038, in __init__
    self._execute_child(args, executable, preexec_fn, close_fds,
    ~~~~~~~~~~~~~~~~~~~^^^^^^^^^^^^^^^^^^^^^^^^^^^^^^^^^^^^^^^^^
                        pass_fds, cwd, env,
                        ^^^^^^^^^^^^^^^^^^^
    ...<5 lines>...
                        gid, gids, uid, umask,
                        ^^^^^^^^^^^^^^^^^^^^^^
                        start_new_session, process_group)
                        ^^^^^^^^^^^^^^^^^^^^^^^^^^^^^^^^^
  File "/Library/Frameworks/Python.framework/Versions/3.14/lib/python3.14/subprocess.py", line 1989, in _execute_child
    raise child_exception_type(errno_num, err_msg, err_filename)
FileNotFoundError: [Errno 2] No such file or directory: 'ffmpeg'
127.0.0.1 - - [30/May/2026 21:19:04] "[35m[1mPOST /transcribe HTTP/1.1[0m" 500 -
[2026-05-30 21:19:07,227] ERROR in app: Exception on /transcribe [POST]
Traceback (most recent call last):
  File "/Users/philipyeo/jarvis/venv/lib/python3.14/site-packages/flask/app.py", line 1511, in wsgi_app
    response = self.full_dispatch_request()
  File "/Users/philipyeo/jarvis/venv/lib/python3.14/site-packages/flask/app.py", line 919, in full_dispatch_request
    rv = self.handle_user_exception(e)
  File "/Users/philipyeo/jarvis/venv/lib/python3.14/site-packages/flask_cors/extension.py", line 176, in wrapped_function
    return cors_after_request(app.make_response(f(*args, **kwargs)))
                                                ~^^^^^^^^^^^^^^^^^
  File "/Users/philipyeo/jarvis/venv/lib/python3.14/site-packages/flask/app.py", line 917, in full_dispatch_request
    rv = self.dispatch_request()
  File "/Users/philipyeo/jarvis/venv/lib/python3.14/site-packages/flask/app.py", line 902, in dispatch_request
    return self.ensure_sync(self.view_functions[rule.endpoint])(**view_args)  # type: ignore[no-any-return]
           ~~~~~~~~~~~~~~~~~~~~~~~~~~~~~~~~~~~~~~~~~~~~~~~~~~~~^^^^^^^^^^^^^
  File "/Users/philipyeo/jarvis/server.py", line 593, in transcribe
    subprocess.run(['ffmpeg', '-y', '-i', tmp_path, wav_path],
    ~~~~~~~~~~~~~~^^^^^^^^^^^^^^^^^^^^^^^^^^^^^^^^^^^^^^^^^^^^
                   capture_output=True)
                   ^^^^^^^^^^^^^^^^^^^^
  File "/Library/Frameworks/Python.framework/Versions/3.14/lib/python3.14/subprocess.py", line 554, in run
    with Popen(*popenargs, **kwargs) as process:
         ~~~~~^^^^^^^^^^^^^^^^^^^^^^
  File "/Library/Frameworks/Python.framework/Versions/3.14/lib/python3.14/subprocess.py", line 1038, in __init__
    self._execute_child(args, executable, preexec_fn, close_fds,
    ~~~~~~~~~~~~~~~~~~~^^^^^^^^^^^^^^^^^^^^^^^^^^^^^^^^^^^^^^^^^
                        pass_fds, cwd, env,
                        ^^^^^^^^^^^^^^^^^^^
    ...<5 lines>...
                        gid, gids, uid, umask,
                        ^^^^^^^^^^^^^^^^^^^^^^
                        start_new_session, process_group)
                        ^^^^^^^^^^^^^^^^^^^^^^^^^^^^^^^^^
  File "/Library/Frameworks/Python.framework/Versions/3.14/lib/python3.14/subprocess.py", line 1989, in _execute_child
    raise child_exception_type(errno_num, err_msg, err_filename)
FileNotFoundError: [Errno 2] No such file or directory: 'ffmpeg'
127.0.0.1 - - [30/May/2026 21:19:07] "[35m[1mPOST /transcribe HTTP/1.1[0m" 500 -
[2026-05-30 21:19:13,500] ERROR in app: Exception on /transcribe [POST]
Traceback (most recent call last):
  File "/Users/philipyeo/jarvis/venv/lib/python3.14/site-packages/flask/app.py", line 1511, in wsgi_app
    response = self.full_dispatch_request()
  File "/Users/philipyeo/jarvis/venv/lib/python3.14/site-packages/flask/app.py", line 919, in full_dispatch_request
    rv = self.handle_user_exception(e)
  File "/Users/philipyeo/jarvis/venv/lib/python3.14/site-packages/flask_cors/extension.py", line 176, in wrapped_function
    return cors_after_request(app.make_response(f(*args, **kwargs)))
                                                ~^^^^^^^^^^^^^^^^^
  File "/Users/philipyeo/jarvis/venv/lib/python3.14/site-packages/flask/app.py", line 917, in full_dispatch_request
    rv = self.dispatch_request()
  File "/Users/philipyeo/jarvis/venv/lib/python3.14/site-packages/flask/app.py", line 902, in dispatch_request
    return self.ensure_sync(self.view_functions[rule.endpoint])(**view_args)  # type: ignore[no-any-return]
           ~~~~~~~~~~~~~~~~~~~~~~~~~~~~~~~~~~~~~~~~~~~~~~~~~~~~^^^^^^^^^^^^^
  File "/Users/philipyeo/jarvis/server.py", line 593, in transcribe
    subprocess.run(['ffmpeg', '-y', '-i', tmp_path, wav_path],
    ~~~~~~~~~~~~~~^^^^^^^^^^^^^^^^^^^^^^^^^^^^^^^^^^^^^^^^^^^^
                   capture_output=True)
                   ^^^^^^^^^^^^^^^^^^^^
  File "/Library/Frameworks/Python.framework/Versions/3.14/lib/python3.14/subprocess.py", line 554, in run
    with Popen(*popenargs, **kwargs) as process:
         ~~~~~^^^^^^^^^^^^^^^^^^^^^^
  File "/Library/Frameworks/Python.framework/Versions/3.14/lib/python3.14/subprocess.py", line 1038, in __init__
    self._execute_child(args, executable, preexec_fn, close_fds,
    ~~~~~~~~~~~~~~~~~~~^^^^^^^^^^^^^^^^^^^^^^^^^^^^^^^^^^^^^^^^^
                        pass_fds, cwd, env,
                        ^^^^^^^^^^^^^^^^^^^
    ...<5 lines>...
                        gid, gids, uid, umask,
                        ^^^^^^^^^^^^^^^^^^^^^^
                        start_new_session, process_group)
                        ^^^^^^^^^^^^^^^^^^^^^^^^^^^^^^^^^
  File "/Library/Frameworks/Python.framework/Versions/3.14/lib/python3.14/subprocess.py", line 1989, in _execute_child
    raise child_exception_type(errno_num, err_msg, err_filename)
FileNotFoundError: [Errno 2] No such file or directory: 'ffmpeg'
127.0.0.1 - - [30/May/2026 21:19:13] "[35m[1mPOST /transcribe HTTP/1.1[0m" 500 -
[2026-05-30 21:24:00,206] ERROR in app: Exception on /transcribe [POST]
Traceback (most recent call last):
  File "/Users/philipyeo/jarvis/venv/lib/python3.14/site-packages/flask/app.py", line 1511, in wsgi_app
    response = self.full_dispatch_request()
  File "/Users/philipyeo/jarvis/venv/lib/python3.14/site-packages/flask/app.py", line 919, in full_dispatch_request
    rv = self.handle_user_exception(e)
  File "/Users/philipyeo/jarvis/venv/lib/python3.14/site-packages/flask_cors/extension.py", line 176, in wrapped_function
    return cors_after_request(app.make_response(f(*args, **kwargs)))
                                                ~^^^^^^^^^^^^^^^^^
  File "/Users/philipyeo/jarvis/venv/lib/python3.14/site-packages/flask/app.py", line 917, in full_dispatch_request
    rv = self.dispatch_request()
  File "/Users/philipyeo/jarvis/venv/lib/python3.14/site-packages/flask/app.py", line 902, in dispatch_request
    return self.ensure_sync(self.view_functions[rule.endpoint])(**view_args)  # type: ignore[no-any-return]
           ~~~~~~~~~~~~~~~~~~~~~~~~~~~~~~~~~~~~~~~~~~~~~~~~~~~~^^^^^^^^^^^^^
  File "/Users/philipyeo/jarvis/server.py", line 593, in transcribe
    subprocess.run(['ffmpeg', '-y', '-i', tmp_path, wav_path],
    ~~~~~~~~~~~~~~^^^^^^^^^^^^^^^^^^^^^^^^^^^^^^^^^^^^^^^^^^^^
                   capture_output=True)
                   ^^^^^^^^^^^^^^^^^^^^
  File "/Library/Frameworks/Python.framework/Versions/3.14/lib/python3.14/subprocess.py", line 554, in run
    with Popen(*popenargs, **kwargs) as process:
         ~~~~~^^^^^^^^^^^^^^^^^^^^^^
  File "/Library/Frameworks/Python.framework/Versions/3.14/lib/python3.14/subprocess.py", line 1038, in __init__
    self._execute_child(args, executable, preexec_fn, close_fds,
    ~~~~~~~~~~~~~~~~~~~^^^^^^^^^^^^^^^^^^^^^^^^^^^^^^^^^^^^^^^^^
                        pass_fds, cwd, env,
                        ^^^^^^^^^^^^^^^^^^^
    ...<5 lines>...
                        gid, gids, uid, umask,
                        ^^^^^^^^^^^^^^^^^^^^^^
                        start_new_session, process_group)
                        ^^^^^^^^^^^^^^^^^^^^^^^^^^^^^^^^^
  File "/Library/Frameworks/Python.framework/Versions/3.14/lib/python3.14/subprocess.py", line 1989, in _execute_child
    raise child_exception_type(errno_num, err_msg, err_filename)
FileNotFoundError: [Errno 2] No such file or directory: 'ffmpeg'
127.0.0.1 - - [30/May/2026 21:24:00] "[35m[1mPOST /transcribe HTTP/1.1[0m" 500 -
127.0.0.1 - - [30/May/2026 21:24:00] "OPTIONS /datetime HTTP/1.1" 200 -
127.0.0.1 - - [30/May/2026 21:24:00] "OPTIONS /calendar/upcoming HTTP/1.1" 200 -
127.0.0.1 - - [30/May/2026 21:24:01] "OPTIONS /gmail/count HTTP/1.1" 200 -
127.0.0.1 - - [30/May/2026 21:24:01] "OPTIONS /websearch HTTP/1.1" 200 -
127.0.0.1 - - [30/May/2026 21:24:01] "POST /datetime HTTP/1.1" 200 -
127.0.0.1 - - [30/May/2026 21:24:01] "POST /websearch HTTP/1.1" 200 -
127.0.0.1 - - [30/May/2026 21:24:01] "POST /calendar/upcoming HTTP/1.1" 200 -
127.0.0.1 - - [30/May/2026 21:24:01] "POST /gmail/count HTTP/1.1" 200 -
[2026-05-30 21:24:05,521] ERROR in app: Exception on /transcribe [POST]
Traceback (most recent call last):
  File "/Users/philipyeo/jarvis/venv/lib/python3.14/site-packages/flask/app.py", line 1511, in wsgi_app
    response = self.full_dispatch_request()
  File "/Users/philipyeo/jarvis/venv/lib/python3.14/site-packages/flask/app.py", line 919, in full_dispatch_request
    rv = self.handle_user_exception(e)
  File "/Users/philipyeo/jarvis/venv/lib/python3.14/site-packages/flask_cors/extension.py", line 176, in wrapped_function
    return cors_after_request(app.make_response(f(*args, **kwargs)))
                                                ~^^^^^^^^^^^^^^^^^
  File "/Users/philipyeo/jarvis/venv/lib/python3.14/site-packages/flask/app.py", line 917, in full_dispatch_request
    rv = self.dispatch_request()
  File "/Users/philipyeo/jarvis/venv/lib/python3.14/site-packages/flask/app.py", line 902, in dispatch_request
    return self.ensure_sync(self.view_functions[rule.endpoint])(**view_args)  # type: ignore[no-any-return]
           ~~~~~~~~~~~~~~~~~~~~~~~~~~~~~~~~~~~~~~~~~~~~~~~~~~~~^^^^^^^^^^^^^
  File "/Users/philipyeo/jarvis/server.py", line 593, in transcribe
    subprocess.run(['ffmpeg', '-y', '-i', tmp_path, wav_path],
    ~~~~~~~~~~~~~~^^^^^^^^^^^^^^^^^^^^^^^^^^^^^^^^^^^^^^^^^^^^
                   capture_output=True)
                   ^^^^^^^^^^^^^^^^^^^^
  File "/Library/Frameworks/Python.framework/Versions/3.14/lib/python3.14/subprocess.py", line 554, in run
    with Popen(*popenargs, **kwargs) as process:
         ~~~~~^^^^^^^^^^^^^^^^^^^^^^
  File "/Library/Frameworks/Python.framework/Versions/3.14/lib/python3.14/subprocess.py", line 1038, in __init__
    self._execute_child(args, executable, preexec_fn, close_fds,
    ~~~~~~~~~~~~~~~~~~~^^^^^^^^^^^^^^^^^^^^^^^^^^^^^^^^^^^^^^^^^
                        pass_fds, cwd, env,
                        ^^^^^^^^^^^^^^^^^^^
    ...<5 lines>...
                        gid, gids, uid, umask,
                        ^^^^^^^^^^^^^^^^^^^^^^
                        start_new_session, process_group)
                        ^^^^^^^^^^^^^^^^^^^^^^^^^^^^^^^^^
  File "/Library/Frameworks/Python.framework/Versions/3.14/lib/python3.14/subprocess.py", line 1989, in _execute_child
    raise child_exception_type(errno_num, err_msg, err_filename)
FileNotFoundError: [Errno 2] No such file or directory: 'ffmpeg'
127.0.0.1 - - [30/May/2026 21:24:05] "[35m[1mPOST /transcribe HTTP/1.1[0m" 500 -
127.0.0.1 - - [30/May/2026 21:24:06] "OPTIONS /speak HTTP/1.1" 200 -
[2026-05-30 21:24:06,311] ERROR in app: Exception on /transcribe [POST]
Traceback (most recent call last):
  File "/Users/philipyeo/jarvis/venv/lib/python3.14/site-packages/flask/app.py", line 1511, in wsgi_app
    response = self.full_dispatch_request()
  File "/Users/philipyeo/jarvis/venv/lib/python3.14/site-packages/flask/app.py", line 919, in full_dispatch_request
    rv = self.handle_user_exception(e)
  File "/Users/philipyeo/jarvis/venv/lib/python3.14/site-packages/flask_cors/extension.py", line 176, in wrapped_function
    return cors_after_request(app.make_response(f(*args, **kwargs)))
                                                ~^^^^^^^^^^^^^^^^^
  File "/Users/philipyeo/jarvis/venv/lib/python3.14/site-packages/flask/app.py", line 917, in full_dispatch_request
    rv = self.dispatch_request()
  File "/Users/philipyeo/jarvis/venv/lib/python3.14/site-packages/flask/app.py", line 902, in dispatch_request
    return self.ensure_sync(self.view_functions[rule.endpoint])(**view_args)  # type: ignore[no-any-return]
           ~~~~~~~~~~~~~~~~~~~~~~~~~~~~~~~~~~~~~~~~~~~~~~~~~~~~^^^^^^^^^^^^^
  File "/Users/philipyeo/jarvis/server.py", line 593, in transcribe
    subprocess.run(['ffmpeg', '-y', '-i', tmp_path, wav_path],
    ~~~~~~~~~~~~~~^^^^^^^^^^^^^^^^^^^^^^^^^^^^^^^^^^^^^^^^^^^^
                   capture_output=True)
                   ^^^^^^^^^^^^^^^^^^^^
  File "/Library/Frameworks/Python.framework/Versions/3.14/lib/python3.14/subprocess.py", line 554, in run
    with Popen(*popenargs, **kwargs) as process:
         ~~~~~^^^^^^^^^^^^^^^^^^^^^^
  File "/Library/Frameworks/Python.framework/Versions/3.14/lib/python3.14/subprocess.py", line 1038, in __init__
    self._execute_child(args, executable, preexec_fn, close_fds,
    ~~~~~~~~~~~~~~~~~~~^^^^^^^^^^^^^^^^^^^^^^^^^^^^^^^^^^^^^^^^^
                        pass_fds, cwd, env,
                        ^^^^^^^^^^^^^^^^^^^
    ...<5 lines>...
                        gid, gids, uid, umask,
                        ^^^^^^^^^^^^^^^^^^^^^^
                        start_new_session, process_group)
                        ^^^^^^^^^^^^^^^^^^^^^^^^^^^^^^^^^
  File "/Library/Frameworks/Python.framework/Versions/3.14/lib/python3.14/subprocess.py", line 1989, in _execute_child
    raise child_exception_type(errno_num, err_msg, err_filename)
FileNotFoundError: [Errno 2] No such file or directory: 'ffmpeg'
127.0.0.1 - - [30/May/2026 21:24:07] "[35m[1mPOST /transcribe HTTP/1.1[0m" 500 -
127.0.0.1 - - [30/May/2026 21:24:09] "POST /speak HTTP/1.1" 200 -
127.0.0.1 - - [30/May/2026 21:24:10] "POST /speak HTTP/1.1" 200 -
127.0.0.1 - - [30/May/2026 21:24:12] "POST /speak HTTP/1.1" 200 -
[2026-05-30 21:24:31,316] ERROR in app: Exception on /transcribe [POST]
Traceback (most recent call last):
  File "/Users/philipyeo/jarvis/venv/lib/python3.14/site-packages/flask/app.py", line 1511, in wsgi_app
    response = self.full_dispatch_request()
  File "/Users/philipyeo/jarvis/venv/lib/python3.14/site-packages/flask/app.py", line 919, in full_dispatch_request
    rv = self.handle_user_exception(e)
  File "/Users/philipyeo/jarvis/venv/lib/python3.14/site-packages/flask_cors/extension.py", line 176, in wrapped_function
    return cors_after_request(app.make_response(f(*args, **kwargs)))
                                                ~^^^^^^^^^^^^^^^^^
  File "/Users/philipyeo/jarvis/venv/lib/python3.14/site-packages/flask/app.py", line 917, in full_dispatch_request
    rv = self.dispatch_request()
  File "/Users/philipyeo/jarvis/venv/lib/python3.14/site-packages/flask/app.py", line 902, in dispatch_request
    return self.ensure_sync(self.view_functions[rule.endpoint])(**view_args)  # type: ignore[no-any-return]
           ~~~~~~~~~~~~~~~~~~~~~~~~~~~~~~~~~~~~~~~~~~~~~~~~~~~~^^^^^^^^^^^^^
  File "/Users/philipyeo/jarvis/server.py", line 593, in transcribe
    subprocess.run(['ffmpeg', '-y', '-i', tmp_path, wav_path],
    ~~~~~~~~~~~~~~^^^^^^^^^^^^^^^^^^^^^^^^^^^^^^^^^^^^^^^^^^^^
                   capture_output=True)
                   ^^^^^^^^^^^^^^^^^^^^
  File "/Library/Frameworks/Python.framework/Versions/3.14/lib/python3.14/subprocess.py", line 554, in run
    with Popen(*popenargs, **kwargs) as process:
         ~~~~~^^^^^^^^^^^^^^^^^^^^^^
  File "/Library/Frameworks/Python.framework/Versions/3.14/lib/python3.14/subprocess.py", line 1038, in __init__
    self._execute_child(args, executable, preexec_fn, close_fds,
    ~~~~~~~~~~~~~~~~~~~^^^^^^^^^^^^^^^^^^^^^^^^^^^^^^^^^^^^^^^^^
                        pass_fds, cwd, env,
                        ^^^^^^^^^^^^^^^^^^^
    ...<5 lines>...
                        gid, gids, uid, umask,
                        ^^^^^^^^^^^^^^^^^^^^^^
                        start_new_session, process_group)
                        ^^^^^^^^^^^^^^^^^^^^^^^^^^^^^^^^^
  File "/Library/Frameworks/Python.framework/Versions/3.14/lib/python3.14/subprocess.py", line 1989, in _execute_child
    raise child_exception_type(errno_num, err_msg, err_filename)
FileNotFoundError: [Errno 2] No such file or directory: 'ffmpeg'
127.0.0.1 - - [30/May/2026 21:24:31] "[35m[1mPOST /transcribe HTTP/1.1[0m" 500 -
[2026-05-30 21:24:34,735] ERROR in app: Exception on /transcribe [POST]
Traceback (most recent call last):
  File "/Users/philipyeo/jarvis/venv/lib/python3.14/site-packages/flask/app.py", line 1511, in wsgi_app
    response = self.full_dispatch_request()
  File "/Users/philipyeo/jarvis/venv/lib/python3.14/site-packages/flask/app.py", line 919, in full_dispatch_request
    rv = self.handle_user_exception(e)
  File "/Users/philipyeo/jarvis/venv/lib/python3.14/site-packages/flask_cors/extension.py", line 176, in wrapped_function
    return cors_after_request(app.make_response(f(*args, **kwargs)))
                                                ~^^^^^^^^^^^^^^^^^
  File "/Users/philipyeo/jarvis/venv/lib/python3.14/site-packages/flask/app.py", line 917, in full_dispatch_request
    rv = self.dispatch_request()
  File "/Users/philipyeo/jarvis/venv/lib/python3.14/site-packages/flask/app.py", line 902, in dispatch_request
    return self.ensure_sync(self.view_functions[rule.endpoint])(**view_args)  # type: ignore[no-any-return]
           ~~~~~~~~~~~~~~~~~~~~~~~~~~~~~~~~~~~~~~~~~~~~~~~~~~~~^^^^^^^^^^^^^
  File "/Users/philipyeo/jarvis/server.py", line 593, in transcribe
    subprocess.run(['ffmpeg', '-y', '-i', tmp_path, wav_path],
    ~~~~~~~~~~~~~~^^^^^^^^^^^^^^^^^^^^^^^^^^^^^^^^^^^^^^^^^^^^
                   capture_output=True)
                   ^^^^^^^^^^^^^^^^^^^^
  File "/Library/Frameworks/Python.framework/Versions/3.14/lib/python3.14/subprocess.py", line 554, in run
    with Popen(*popenargs, **kwargs) as process:
         ~~~~~^^^^^^^^^^^^^^^^^^^^^^
  File "/Library/Frameworks/Python.framework/Versions/3.14/lib/python3.14/subprocess.py", line 1038, in __init__
    self._execute_child(args, executable, preexec_fn, close_fds,
    ~~~~~~~~~~~~~~~~~~~^^^^^^^^^^^^^^^^^^^^^^^^^^^^^^^^^^^^^^^^^
                        pass_fds, cwd, env,
                        ^^^^^^^^^^^^^^^^^^^
    ...<5 lines>...
                        gid, gids, uid, umask,
                        ^^^^^^^^^^^^^^^^^^^^^^
                        start_new_session, process_group)
                        ^^^^^^^^^^^^^^^^^^^^^^^^^^^^^^^^^
  File "/Library/Frameworks/Python.framework/Versions/3.14/lib/python3.14/subprocess.py", line 1989, in _execute_child
    raise child_exception_type(errno_num, err_msg, err_filename)
FileNotFoundError: [Errno 2] No such file or directory: 'ffmpeg'
127.0.0.1 - - [30/May/2026 21:24:34] "[35m[1mPOST /transcribe HTTP/1.1[0m" 500 -
[2026-05-30 21:24:42,681] ERROR in app: Exception on /transcribe [POST]
Traceback (most recent call last):
  File "/Users/philipyeo/jarvis/venv/lib/python3.14/site-packages/flask/app.py", line 1511, in wsgi_app
    response = self.full_dispatch_request()
  File "/Users/philipyeo/jarvis/venv/lib/python3.14/site-packages/flask/app.py", line 919, in full_dispatch_request
    rv = self.handle_user_exception(e)
  File "/Users/philipyeo/jarvis/venv/lib/python3.14/site-packages/flask_cors/extension.py", line 176, in wrapped_function
    return cors_after_request(app.make_response(f(*args, **kwargs)))
                                                ~^^^^^^^^^^^^^^^^^
  File "/Users/philipyeo/jarvis/venv/lib/python3.14/site-packages/flask/app.py", line 917, in full_dispatch_request
    rv = self.dispatch_request()
  File "/Users/philipyeo/jarvis/venv/lib/python3.14/site-packages/flask/app.py", line 902, in dispatch_request
    return self.ensure_sync(self.view_functions[rule.endpoint])(**view_args)  # type: ignore[no-any-return]
           ~~~~~~~~~~~~~~~~~~~~~~~~~~~~~~~~~~~~~~~~~~~~~~~~~~~~^^^^^^^^^^^^^
  File "/Users/philipyeo/jarvis/server.py", line 593, in transcribe
    subprocess.run(['ffmpeg', '-y', '-i', tmp_path, wav_path],
    ~~~~~~~~~~~~~~^^^^^^^^^^^^^^^^^^^^^^^^^^^^^^^^^^^^^^^^^^^^
                   capture_output=True)
                   ^^^^^^^^^^^^^^^^^^^^
  File "/Library/Frameworks/Python.framework/Versions/3.14/lib/python3.14/subprocess.py", line 554, in run
    with Popen(*popenargs, **kwargs) as process:
         ~~~~~^^^^^^^^^^^^^^^^^^^^^^
  File "/Library/Frameworks/Python.framework/Versions/3.14/lib/python3.14/subprocess.py", line 1038, in __init__
    self._execute_child(args, executable, preexec_fn, close_fds,
    ~~~~~~~~~~~~~~~~~~~^^^^^^^^^^^^^^^^^^^^^^^^^^^^^^^^^^^^^^^^^
                        pass_fds, cwd, env,
                        ^^^^^^^^^^^^^^^^^^^
    ...<5 lines>...
                        gid, gids, uid, umask,
                        ^^^^^^^^^^^^^^^^^^^^^^
                        start_new_session, process_group)
                        ^^^^^^^^^^^^^^^^^^^^^^^^^^^^^^^^^
  File "/Library/Frameworks/Python.framework/Versions/3.14/lib/python3.14/subprocess.py", line 1989, in _execute_child
    raise child_exception_type(errno_num, err_msg, err_filename)
FileNotFoundError: [Errno 2] No such file or directory: 'ffmpeg'
127.0.0.1 - - [30/May/2026 21:24:42] "[35m[1mPOST /transcribe HTTP/1.1[0m" 500 -
[2026-05-30 21:24:48,042] ERROR in app: Exception on /transcribe [POST]
Traceback (most recent call last):
  File "/Users/philipyeo/jarvis/venv/lib/python3.14/site-packages/flask/app.py", line 1511, in wsgi_app
    response = self.full_dispatch_request()
  File "/Users/philipyeo/jarvis/venv/lib/python3.14/site-packages/flask/app.py", line 919, in full_dispatch_request
    rv = self.handle_user_exception(e)
  File "/Users/philipyeo/jarvis/venv/lib/python3.14/site-packages/flask_cors/extension.py", line 176, in wrapped_function
    return cors_after_request(app.make_response(f(*args, **kwargs)))
                                                ~^^^^^^^^^^^^^^^^^
  File "/Users/philipyeo/jarvis/venv/lib/python3.14/site-packages/flask/app.py", line 917, in full_dispatch_request
    rv = self.dispatch_request()
  File "/Users/philipyeo/jarvis/venv/lib/python3.14/site-packages/flask/app.py", line 902, in dispatch_request
    return self.ensure_sync(self.view_functions[rule.endpoint])(**view_args)  # type: ignore[no-any-return]
           ~~~~~~~~~~~~~~~~~~~~~~~~~~~~~~~~~~~~~~~~~~~~~~~~~~~~^^^^^^^^^^^^^
  File "/Users/philipyeo/jarvis/server.py", line 593, in transcribe
    subprocess.run(['ffmpeg', '-y', '-i', tmp_path, wav_path],
    ~~~~~~~~~~~~~~^^^^^^^^^^^^^^^^^^^^^^^^^^^^^^^^^^^^^^^^^^^^
                   capture_output=True)
                   ^^^^^^^^^^^^^^^^^^^^
  File "/Library/Frameworks/Python.framework/Versions/3.14/lib/python3.14/subprocess.py", line 554, in run
    with Popen(*popenargs, **kwargs) as process:
         ~~~~~^^^^^^^^^^^^^^^^^^^^^^
  File "/Library/Frameworks/Python.framework/Versions/3.14/lib/python3.14/subprocess.py", line 1038, in __init__
    self._execute_child(args, executable, preexec_fn, close_fds,
    ~~~~~~~~~~~~~~~~~~~^^^^^^^^^^^^^^^^^^^^^^^^^^^^^^^^^^^^^^^^^
                        pass_fds, cwd, env,
                        ^^^^^^^^^^^^^^^^^^^
    ...<5 lines>...
                        gid, gids, uid, umask,
                        ^^^^^^^^^^^^^^^^^^^^^^
                        start_new_session, process_group)
                        ^^^^^^^^^^^^^^^^^^^^^^^^^^^^^^^^^
  File "/Library/Frameworks/Python.framework/Versions/3.14/lib/python3.14/subprocess.py", line 1989, in _execute_child
    raise child_exception_type(errno_num, err_msg, err_filename)
FileNotFoundError: [Errno 2] No such file or directory: 'ffmpeg'
127.0.0.1 - - [30/May/2026 21:24:48] "[35m[1mPOST /transcribe HTTP/1.1[0m" 500 -
[2026-05-30 21:24:50,965] ERROR in app: Exception on /transcribe [POST]
Traceback (most recent call last):
  File "/Users/philipyeo/jarvis/venv/lib/python3.14/site-packages/flask/app.py", line 1511, in wsgi_app
    response = self.full_dispatch_request()
  File "/Users/philipyeo/jarvis/venv/lib/python3.14/site-packages/flask/app.py", line 919, in full_dispatch_request
    rv = self.handle_user_exception(e)
  File "/Users/philipyeo/jarvis/venv/lib/python3.14/site-packages/flask_cors/extension.py", line 176, in wrapped_function
    return cors_after_request(app.make_response(f(*args, **kwargs)))
                                                ~^^^^^^^^^^^^^^^^^
  File "/Users/philipyeo/jarvis/venv/lib/python3.14/site-packages/flask/app.py", line 917, in full_dispatch_request
    rv = self.dispatch_request()
  File "/Users/philipyeo/jarvis/venv/lib/python3.14/site-packages/flask/app.py", line 902, in dispatch_request
    return self.ensure_sync(self.view_functions[rule.endpoint])(**view_args)  # type: ignore[no-any-return]
           ~~~~~~~~~~~~~~~~~~~~~~~~~~~~~~~~~~~~~~~~~~~~~~~~~~~~^^^^^^^^^^^^^
  File "/Users/philipyeo/jarvis/server.py", line 593, in transcribe
    subprocess.run(['ffmpeg', '-y', '-i', tmp_path, wav_path],
    ~~~~~~~~~~~~~~^^^^^^^^^^^^^^^^^^^^^^^^^^^^^^^^^^^^^^^^^^^^
                   capture_output=True)
                   ^^^^^^^^^^^^^^^^^^^^
  File "/Library/Frameworks/Python.framework/Versions/3.14/lib/python3.14/subprocess.py", line 554, in run
    with Popen(*popenargs, **kwargs) as process:
         ~~~~~^^^^^^^^^^^^^^^^^^^^^^
  File "/Library/Frameworks/Python.framework/Versions/3.14/lib/python3.14/subprocess.py", line 1038, in __init__
    self._execute_child(args, executable, preexec_fn, close_fds,
    ~~~~~~~~~~~~~~~~~~~^^^^^^^^^^^^^^^^^^^^^^^^^^^^^^^^^^^^^^^^^
                        pass_fds, cwd, env,
                        ^^^^^^^^^^^^^^^^^^^
    ...<5 lines>...
                        gid, gids, uid, umask,
                        ^^^^^^^^^^^^^^^^^^^^^^
                        start_new_session, process_group)
                        ^^^^^^^^^^^^^^^^^^^^^^^^^^^^^^^^^
  File "/Library/Frameworks/Python.framework/Versions/3.14/lib/python3.14/subprocess.py", line 1989, in _execute_child
    raise child_exception_type(errno_num, err_msg, err_filename)
FileNotFoundError: [Errno 2] No such file or directory: 'ffmpeg'
127.0.0.1 - - [30/May/2026 21:24:50] "[35m[1mPOST /transcribe HTTP/1.1[0m" 500 -
Address already in use
Port 5001 is in use by another program. Either identify and stop that program, or start the server with a different port.
Address already in use
Port 5001 is in use by another program. Either identify and stop that program, or start the server with a different port.
Address already in use
Port 5001 is in use by another program. Either identify and stop that program, or start the server with a different port.
Address already in use
Port 5001 is in use by another program. Either identify and stop that program, or start the server with a different port.
Address already in use
Port 5001 is in use by another program. Either identify and stop that program, or start the server with a different port.
Address already in use
Port 5001 is in use by another program. Either identify and stop that program, or start the server with a different port.
Address already in use
Port 5001 is in use by another program. Either identify and stop that program, or start the server with a different port.
Address already in use
Port 5001 is in use by another program. Either identify and stop that program, or start the server with a different port.
Address already in use
Port 5001 is in use by another program. Either identify and stop that program, or start the server with a different port.
Address already in use
Port 5001 is in use by another program. Either identify and stop that program, or start the server with a different port.
Address already in use
Port 5001 is in use by another program. Either identify and stop that program, or start the server with a different port.
Address already in use
Port 5001 is in use by another program. Either identify and stop that program, or start the server with a different port.
Address already in use
Port 5001 is in use by another program. Either identify and stop that program, or start the server with a different port.
Address already in use
Port 5001 is in use by another program. Either identify and stop that program, or start the server with a different port.
Address already in use
Port 5001 is in use by another program. Either identify and stop that program, or start the server with a different port.
Address already in use
Port 5001 is in use by another program. Either identify and stop that program, or start the server with a different port.
Address already in use
Port 5001 is in use by another program. Either identify and stop that program, or start the server with a different port.
Address already in use
Port 5001 is in use by another program. Either identify and stop that program, or start the server with a different port.
Address already in use
Port 5001 is in use by another program. Either identify and stop that program, or start the server with a different port.
Address already in use
Port 5001 is in use by another program. Either identify and stop that program, or start the server with a different port.
Address already in use
Port 5001 is in use by another program. Either identify and stop that program, or start the server with a different port.
Address already in use
Port 5001 is in use by another program. Either identify and stop that program, or start the server with a different port.
Address already in use
Port 5001 is in use by another program. Either identify and stop that program, or start the server with a different port.
Address already in use
Port 5001 is in use by another program. Either identify and stop that program, or start the server with a different port.
Address already in use
Port 5001 is in use by another program. Either identify and stop that program, or start the server with a different port.
Address already in use
Port 5001 is in use by another program. Either identify and stop that program, or start the server with a different port.
Address already in use
Port 5001 is in use by another program. Either identify and stop that program, or start the server with a different port.
Address already in use
Port 5001 is in use by another program. Either identify and stop that program, or start the server with a different port.
Address already in use
Port 5001 is in use by another program. Either identify and stop that program, or start the server with a different port.
Address already in use
Port 5001 is in use by another program. Either identify and stop that program, or start the server with a different port.
Address already in use
Port 5001 is in use by another program. Either identify and stop that program, or start the server with a different port.
Address already in use
Port 5001 is in use by another program. Either identify and stop that program, or start the server with a different port.
Address already in use
Port 5001 is in use by another program. Either identify and stop that program, or start the server with a different port.
Address already in use
Port 5001 is in use by another program. Either identify and stop that program, or start the server with a different port.
Address already in use
Port 5001 is in use by another program. Either identify and stop that program, or start the server with a different port.
Address already in use
Port 5001 is in use by another program. Either identify and stop that program, or start the server with a different port.
Address already in use
Port 5001 is in use by another program. Either identify and stop that program, or start the server with a different port.
Address already in use
Port 5001 is in use by another program. Either identify and stop that program, or start the server with a different port.
Address already in use
Port 5001 is in use by another program. Either identify and stop that program, or start the server with a different port.
Address already in use
Port 5001 is in use by another program. Either identify and stop that program, or start the server with a different port.
Address already in use
Port 5001 is in use by another program. Either identify and stop that program, or start the server with a different port.
Address already in use
Port 5001 is in use by another program. Either identify and stop that program, or start the server with a different port.
Address already in use
Port 5001 is in use by another program. Either identify and stop that program, or start the server with a different port.
Address already in use
Port 5001 is in use by another program. Either identify and stop that program, or start the server with a different port.
Address already in use
Port 5001 is in use by another program. Either identify and stop that program, or start the server with a different port.
Address already in use
Port 5001 is in use by another program. Either identify and stop that program, or start the server with a different port.
Address already in use
Port 5001 is in use by another program. Either identify and stop that program, or start the server with a different port.
Address already in use
Port 5001 is in use by another program. Either identify and stop that program, or start the server with a different port.
Address already in use
Port 5001 is in use by another program. Either identify and stop that program, or start the server with a different port.
Address already in use
Port 5001 is in use by another program. Either identify and stop that program, or start the server with a different port.
Address already in use
Port 5001 is in use by another program. Either identify and stop that program, or start the server with a different port.
Address already in use
Port 5001 is in use by another program. Either identify and stop that program, or start the server with a different port.
Address already in use
Port 5001 is in use by another program. Either identify and stop that program, or start the server with a different port.
Address already in use
Port 5001 is in use by another program. Either identify and stop that program, or start the server with a different port.
Address already in use
Port 5001 is in use by another program. Either identify and stop that program, or start the server with a different port.
Address already in use
Port 5001 is in use by another program. Either identify and stop that program, or start the server with a different port.
Address already in use
Port 5001 is in use by another program. Either identify and stop that program, or start the server with a different port.
Address already in use
Port 5001 is in use by another program. Either identify and stop that program, or start the server with a different port.
Address already in use
Port 5001 is in use by another program. Either identify and stop that program, or start the server with a different port.
Address already in use
Port 5001 is in use by another program. Either identify and stop that program, or start the server with a different port.
Address already in use
Port 5001 is in use by another program. Either identify and stop that program, or start the server with a different port.
Address already in use
Port 5001 is in use by another program. Either identify and stop that program, or start the server with a different port.
Address already in use
Port 5001 is in use by another program. Either identify and stop that program, or start the server with a different port.
Address already in use
Port 5001 is in use by another program. Either identify and stop that program, or start the server with a different port.
Address already in use
Port 5001 is in use by another program. Either identify and stop that program, or start the server with a different port.
[31m[1mWARNING: This is a development server. Do not use it in a production deployment. Use a production WSGI server instead.[0m
 * Running on https://127.0.0.1:5001
[33mPress CTRL+C to quit[0m
[31m[1mWARNING: This is a development server. Do not use it in a production deployment. Use a production WSGI server instead.[0m
 * Running on https://127.0.0.1:5001
[33mPress CTRL+C to quit[0m
[31m[1mWARNING: This is a development server. Do not use it in a production deployment. Use a production WSGI server instead.[0m
 * Running on https://127.0.0.1:5001
[33mPress CTRL+C to quit[0m
[31m[1mWARNING: This is a development server. Do not use it in a production deployment. Use a production WSGI server instead.[0m
 * Running on https://127.0.0.1:5001
[33mPress CTRL+C to quit[0m
[31m[1mWARNING: This is a development server. Do not use it in a production deployment. Use a production WSGI server instead.[0m
 * Running on https://127.0.0.1:5001
[33mPress CTRL+C to quit[0m
127.0.0.1 - - [31/May/2026 07:35:17] "GET /memory/load HTTP/1.1" 200 -
127.0.0.1 - - [31/May/2026 07:35:22] "OPTIONS /datetime HTTP/1.1" 200 -
127.0.0.1 - - [31/May/2026 07:35:22] "OPTIONS /calendar/upcoming HTTP/1.1" 200 -
127.0.0.1 - - [31/May/2026 07:35:22] "OPTIONS /gmail/count HTTP/1.1" 200 -
127.0.0.1 - - [31/May/2026 07:35:22] "OPTIONS /websearch HTTP/1.1" 200 -
127.0.0.1 - - [31/May/2026 07:35:22] "POST /datetime HTTP/1.1" 200 -
127.0.0.1 - - [31/May/2026 07:35:23] "POST /websearch HTTP/1.1" 200 -
127.0.0.1 - - [31/May/2026 07:35:27] "POST /calendar/upcoming HTTP/1.1" 200 -
127.0.0.1 - - [31/May/2026 07:35:27] "POST /gmail/count HTTP/1.1" 200 -
127.0.0.1 - - [31/May/2026 07:35:31] "OPTIONS /speak HTTP/1.1" 200 -
/Users/philipyeo/jarvis/venv/lib/python3.14/site-packages/whisper/transcribe.py:132: UserWarning: FP16 is not supported on CPU; using FP32 instead
  warnings.warn("FP16 is not supported on CPU; using FP32 instead")
127.0.0.1 - - [31/May/2026 07:35:34] "POST /speak HTTP/1.1" 200 -
127.0.0.1 - - [31/May/2026 07:35:36] "POST /speak HTTP/1.1" 200 -
127.0.0.1 - - [31/May/2026 07:35:36] "POST /transcribe HTTP/1.1" 200 -
127.0.0.1 - - [31/May/2026 07:35:37] "OPTIONS /speak HTTP/1.1" 200 -
127.0.0.1 - - [31/May/2026 07:35:38] "POST /speak HTTP/1.1" 200 -
127.0.0.1 - - [31/May/2026 07:35:48] "OPTIONS /datetime HTTP/1.1" 200 -
127.0.0.1 - - [31/May/2026 07:35:48] "OPTIONS /calendar/upcoming HTTP/1.1" 200 -
127.0.0.1 - - [31/May/2026 07:35:48] "OPTIONS /gmail/count HTTP/1.1" 200 -
127.0.0.1 - - [31/May/2026 07:35:48] "OPTIONS /websearch HTTP/1.1" 200 -
127.0.0.1 - - [31/May/2026 07:35:48] "POST /datetime HTTP/1.1" 200 -
127.0.0.1 - - [31/May/2026 07:35:48] "POST /websearch HTTP/1.1" 200 -
127.0.0.1 - - [31/May/2026 07:35:48] "POST /calendar/upcoming HTTP/1.1" 200 -
127.0.0.1 - - [31/May/2026 07:35:49] "POST /gmail/count HTTP/1.1" 200 -
/Users/philipyeo/jarvis/venv/lib/python3.14/site-packages/whisper/transcribe.py:132: UserWarning: FP16 is not supported on CPU; using FP32 instead
  warnings.warn("FP16 is not supported on CPU; using FP32 instead")
127.0.0.1 - - [31/May/2026 07:35:52] "OPTIONS /speak HTTP/1.1" 200 -
127.0.0.1 - - [31/May/2026 07:35:54] "POST /speak HTTP/1.1" 200 -
127.0.0.1 - - [31/May/2026 07:35:56] "POST /transcribe HTTP/1.1" 200 -
127.0.0.1 - - [31/May/2026 07:35:56] "POST /speak HTTP/1.1" 200 -
/Users/philipyeo/jarvis/venv/lib/python3.14/site-packages/whisper/transcribe.py:132: UserWarning: FP16 is not supported on CPU; using FP32 instead
  warnings.warn("FP16 is not supported on CPU; using FP32 instead")
127.0.0.1 - - [31/May/2026 07:36:02] "OPTIONS /speak HTTP/1.1" 200 -
127.0.0.1 - - [31/May/2026 07:36:03] "POST /transcribe HTTP/1.1" 200 -
127.0.0.1 - - [31/May/2026 07:36:05] "POST /speak HTTP/1.1" 200 -
127.0.0.1 - - [31/May/2026 07:36:06] "POST /speak HTTP/1.1" 200 -
/Users/philipyeo/jarvis/venv/lib/python3.14/site-packages/whisper/transcribe.py:132: UserWarning: FP16 is not supported on CPU; using FP32 instead
  warnings.warn("FP16 is not supported on CPU; using FP32 instead")
127.0.0.1 - - [31/May/2026 07:36:15] "POST /transcribe HTTP/1.1" 200 -
127.0.0.1 - - [31/May/2026 07:37:05] "GET /memory/load HTTP/1.1" 200 -
/Users/philipyeo/jarvis/venv/lib/python3.14/site-packages/whisper/transcribe.py:132: UserWarning: FP16 is not supported on CPU; using FP32 instead
  warnings.warn("FP16 is not supported on CPU; using FP32 instead")
127.0.0.1 - - [31/May/2026 07:37:09] "OPTIONS /datetime HTTP/1.1" 200 -
127.0.0.1 - - [31/May/2026 07:37:09] "OPTIONS /calendar/upcoming HTTP/1.1" 200 -
127.0.0.1 - - [31/May/2026 07:37:09] "OPTIONS /gmail/count HTTP/1.1" 200 -
127.0.0.1 - - [31/May/2026 07:37:09] "OPTIONS /websearch HTTP/1.1" 200 -
127.0.0.1 - - [31/May/2026 07:37:09] "POST /datetime HTTP/1.1" 200 -
127.0.0.1 - - [31/May/2026 07:37:09] "POST /websearch HTTP/1.1" 200 -
127.0.0.1 - - [31/May/2026 07:37:09] "POST /transcribe HTTP/1.1" 200 -
127.0.0.1 - - [31/May/2026 07:37:09] "POST /calendar/upcoming HTTP/1.1" 200 -
127.0.0.1 - - [31/May/2026 07:37:09] "POST /gmail/count HTTP/1.1" 200 -
127.0.0.1 - - [31/May/2026 07:37:12] "OPTIONS /speak HTTP/1.1" 200 -
/Users/philipyeo/jarvis/venv/lib/python3.14/site-packages/whisper/transcribe.py:132: UserWarning: FP16 is not supported on CPU; using FP32 instead
  warnings.warn("FP16 is not supported on CPU; using FP32 instead")
127.0.0.1 - - [31/May/2026 07:37:13] "POST /transcribe HTTP/1.1" 200 -
127.0.0.1 - - [31/May/2026 07:37:14] "POST /speak HTTP/1.1" 200 -
127.0.0.1 - - [31/May/2026 07:37:15] "POST /speak HTTP/1.1" 200 -
127.0.0.1 - - [31/May/2026 07:37:23] "OPTIONS /speak HTTP/1.1" 200 -
127.0.0.1 - - [31/May/2026 07:37:24] "POST /speak HTTP/1.1" 200 -
127.0.0.1 - - [31/May/2026 07:37:31] "OPTIONS /datetime HTTP/1.1" 200 -
127.0.0.1 - - [31/May/2026 07:37:31] "OPTIONS /calendar/upcoming HTTP/1.1" 200 -
127.0.0.1 - - [31/May/2026 07:37:31] "OPTIONS /gmail/count HTTP/1.1" 200 -
127.0.0.1 - - [31/May/2026 07:37:31] "OPTIONS /websearch HTTP/1.1" 200 -
127.0.0.1 - - [31/May/2026 07:37:31] "POST /datetime HTTP/1.1" 200 -
127.0.0.1 - - [31/May/2026 07:37:31] "POST /websearch HTTP/1.1" 200 -
127.0.0.1 - - [31/May/2026 07:37:32] "POST /calendar/upcoming HTTP/1.1" 200 -
127.0.0.1 - - [31/May/2026 07:37:32] "POST /gmail/count HTTP/1.1" 200 -
/Users/philipyeo/jarvis/venv/lib/python3.14/site-packages/whisper/transcribe.py:132: UserWarning: FP16 is not supported on CPU; using FP32 instead
  warnings.warn("FP16 is not supported on CPU; using FP32 instead")
127.0.0.1 - - [31/May/2026 07:37:35] "OPTIONS /speak HTTP/1.1" 200 -
127.0.0.1 - - [31/May/2026 07:37:36] "POST /transcribe HTTP/1.1" 200 -
127.0.0.1 - - [31/May/2026 07:37:37] "POST /speak HTTP/1.1" 200 -
127.0.0.1 - - [31/May/2026 07:37:38] "POST /speak HTTP/1.1" 200 -
127.0.0.1 - - [31/May/2026 07:37:39] "POST /speak HTTP/1.1" 200 -
127.0.0.1 - - [31/May/2026 07:37:43] "OPTIONS /speak HTTP/1.1" 200 -
127.0.0.1 - - [31/May/2026 07:37:44] "POST /speak HTTP/1.1" 200 -
/Users/philipyeo/jarvis/venv/lib/python3.14/site-packages/whisper/transcribe.py:132: UserWarning: FP16 is not supported on CPU; using FP32 instead
  warnings.warn("FP16 is not supported on CPU; using FP32 instead")
127.0.0.1 - - [31/May/2026 07:37:56] "POST /transcribe HTTP/1.1" 200 -
/Users/philipyeo/jarvis/venv/lib/python3.14/site-packages/whisper/transcribe.py:132: UserWarning: FP16 is not supported on CPU; using FP32 instead
  warnings.warn("FP16 is not supported on CPU; using FP32 instead")
127.0.0.1 - - [31/May/2026 07:39:05] "POST /transcribe HTTP/1.1" 200 -
127.0.0.1 - - [31/May/2026 07:39:07] "GET /memory/load HTTP/1.1" 200 -
/Users/philipyeo/jarvis/venv/lib/python3.14/site-packages/whisper/transcribe.py:132: UserWarning: FP16 is not supported on CPU; using FP32 instead
  warnings.warn("FP16 is not supported on CPU; using FP32 instead")
127.0.0.1 - - [31/May/2026 07:39:10] "OPTIONS /datetime HTTP/1.1" 200 -
127.0.0.1 - - [31/May/2026 07:39:10] "OPTIONS /calendar/upcoming HTTP/1.1" 200 -
127.0.0.1 - - [31/May/2026 07:39:10] "OPTIONS /gmail/count HTTP/1.1" 200 -
127.0.0.1 - - [31/May/2026 07:39:10] "OPTIONS /websearch HTTP/1.1" 200 -
127.0.0.1 - - [31/May/2026 07:39:10] "POST /datetime HTTP/1.1" 200 -
127.0.0.1 - - [31/May/2026 07:39:10] "POST /transcribe HTTP/1.1" 200 -
127.0.0.1 - - [31/May/2026 07:39:10] "POST /websearch HTTP/1.1" 200 -
127.0.0.1 - - [31/May/2026 07:39:10] "POST /calendar/upcoming HTTP/1.1" 200 -
127.0.0.1 - - [31/May/2026 07:39:11] "POST /gmail/count HTTP/1.1" 200 -
127.0.0.1 - - [31/May/2026 07:39:13] "OPTIONS /speak HTTP/1.1" 200 -
/Users/philipyeo/jarvis/venv/lib/python3.14/site-packages/whisper/transcribe.py:132: UserWarning: FP16 is not supported on CPU; using FP32 instead
  warnings.warn("FP16 is not supported on CPU; using FP32 instead")
127.0.0.1 - - [31/May/2026 07:39:14] "POST /transcribe HTTP/1.1" 200 -
127.0.0.1 - - [31/May/2026 07:39:15] "POST /speak HTTP/1.1" 200 -
127.0.0.1 - - [31/May/2026 07:39:15] "OPTIONS /speak HTTP/1.1" 200 -
127.0.0.1 - - [31/May/2026 07:39:16] "POST /speak HTTP/1.1" 200 -
127.0.0.1 - - [31/May/2026 07:39:21] "OPTIONS /speak HTTP/1.1" 200 -
127.0.0.1 - - [31/May/2026 07:39:22] "POST /speak HTTP/1.1" 200 -
127.0.0.1 - - [31/May/2026 07:39:36] "OPTIONS /datetime HTTP/1.1" 200 -
127.0.0.1 - - [31/May/2026 07:39:36] "OPTIONS /calendar/upcoming HTTP/1.1" 200 -
127.0.0.1 - - [31/May/2026 07:39:36] "OPTIONS /gmail/count HTTP/1.1" 200 -
127.0.0.1 - - [31/May/2026 07:39:36] "OPTIONS /websearch HTTP/1.1" 200 -
127.0.0.1 - - [31/May/2026 07:39:36] "POST /datetime HTTP/1.1" 200 -
127.0.0.1 - - [31/May/2026 07:39:36] "POST /websearch HTTP/1.1" 200 -
127.0.0.1 - - [31/May/2026 07:39:36] "POST /gmail/count HTTP/1.1" 200 -
127.0.0.1 - - [31/May/2026 07:39:37] "POST /calendar/upcoming HTTP/1.1" 200 -
127.0.0.1 - - [31/May/2026 07:39:39] "OPTIONS /speak HTTP/1.1" 200 -
/Users/philipyeo/jarvis/venv/lib/python3.14/site-packages/whisper/transcribe.py:132: UserWarning: FP16 is not supported on CPU; using FP32 instead
  warnings.warn("FP16 is not supported on CPU; using FP32 instead")
127.0.0.1 - - [31/May/2026 07:39:41] "POST /speak HTTP/1.1" 200 -
127.0.0.1 - - [31/May/2026 07:39:41] "OPTIONS /speak HTTP/1.1" 200 -
127.0.0.1 - - [31/May/2026 07:39:42] "POST /speak HTTP/1.1" 200 -
127.0.0.1 - - [31/May/2026 07:39:43] "OPTIONS /speak HTTP/1.1" 200 -
127.0.0.1 - - [31/May/2026 07:39:44] "POST /transcribe HTTP/1.1" 200 -
127.0.0.1 - - [31/May/2026 07:39:44] "POST /speak HTTP/1.1" 200 -
/Users/philipyeo/jarvis/venv/lib/python3.14/site-packages/whisper/transcribe.py:132: UserWarning: FP16 is not supported on CPU; using FP32 instead
  warnings.warn("FP16 is not supported on CPU; using FP32 instead")
127.0.0.1 - - [31/May/2026 07:39:57] "POST /transcribe HTTP/1.1" 200 -
/Users/philipyeo/jarvis/venv/lib/python3.14/site-packages/whisper/transcribe.py:132: UserWarning: FP16 is not supported on CPU; using FP32 instead
  warnings.warn("FP16 is not supported on CPU; using FP32 instead")
127.0.0.1 - - [31/May/2026 07:40:04] "OPTIONS /speak HTTP/1.1" 200 -
127.0.0.1 - - [31/May/2026 07:40:06] "POST /transcribe HTTP/1.1" 200 -
127.0.0.1 - - [31/May/2026 07:40:07] "POST /speak HTTP/1.1" 200 -
127.0.0.1 - - [31/May/2026 07:40:07] "OPTIONS /speak HTTP/1.1" 200 -
127.0.0.1 - - [31/May/2026 07:40:08] "POST /speak HTTP/1.1" 200 -
127.0.0.1 - - [31/May/2026 07:40:11] "OPTIONS /speak HTTP/1.1" 200 -
127.0.0.1 - - [31/May/2026 07:40:12] "POST /speak HTTP/1.1" 200 -
/Users/philipyeo/jarvis/venv/lib/python3.14/site-packages/whisper/transcribe.py:132: UserWarning: FP16 is not supported on CPU; using FP32 instead
  warnings.warn("FP16 is not supported on CPU; using FP32 instead")
127.0.0.1 - - [31/May/2026 07:40:24] "POST /transcribe HTTP/1.1" 200 -
127.0.0.1 - - [31/May/2026 07:40:31] "OPTIONS /speak HTTP/1.1" 200 -
/Users/philipyeo/jarvis/venv/lib/python3.14/site-packages/whisper/transcribe.py:132: UserWarning: FP16 is not supported on CPU; using FP32 instead
  warnings.warn("FP16 is not supported on CPU; using FP32 instead")
127.0.0.1 - - [31/May/2026 07:40:34] "POST /speak HTTP/1.1" 200 -
127.0.0.1 - - [31/May/2026 07:40:34] "OPTIONS /speak HTTP/1.1" 200 -
127.0.0.1 - - [31/May/2026 07:40:35] "OPTIONS /memory/save HTTP/1.1" 200 -
127.0.0.1 - - [31/May/2026 07:40:35] "POST /memory/save HTTP/1.1" 200 -
127.0.0.1 - - [31/May/2026 07:40:37] "POST /speak HTTP/1.1" 200 -
127.0.0.1 - - [31/May/2026 07:40:45] "POST /transcribe HTTP/1.1" 200 -
/Users/philipyeo/jarvis/venv/lib/python3.14/site-packages/whisper/transcribe.py:132: UserWarning: FP16 is not supported on CPU; using FP32 instead
  warnings.warn("FP16 is not supported on CPU; using FP32 instead")
127.0.0.1 - - [31/May/2026 07:40:56] "POST /transcribe HTTP/1.1" 200 -
127.0.0.1 - - [31/May/2026 07:40:57] "OPTIONS /volume HTTP/1.1" 200 -
127.0.0.1 - - [31/May/2026 07:40:59] "POST /volume HTTP/1.1" 200 -
127.0.0.1 - - [31/May/2026 07:40:59] "OPTIONS /speak HTTP/1.1" 200 -
/Users/philipyeo/jarvis/venv/lib/python3.14/site-packages/whisper/transcribe.py:132: UserWarning: FP16 is not supported on CPU; using FP32 instead
  warnings.warn("FP16 is not supported on CPU; using FP32 instead")
127.0.0.1 - - [31/May/2026 07:41:00] "POST /transcribe HTTP/1.1" 200 -
127.0.0.1 - - [31/May/2026 07:41:01] "POST /speak HTTP/1.1" 200 -
/Users/philipyeo/jarvis/venv/lib/python3.14/site-packages/whisper/transcribe.py:132: UserWarning: FP16 is not supported on CPU; using FP32 instead
  warnings.warn("FP16 is not supported on CPU; using FP32 instead")
127.0.0.1 - - [31/May/2026 07:41:06] "POST /transcribe HTTP/1.1" 200 -
/Users/philipyeo/jarvis/venv/lib/python3.14/site-packages/whisper/transcribe.py:132: UserWarning: FP16 is not supported on CPU; using FP32 instead
  warnings.warn("FP16 is not supported on CPU; using FP32 instead")
127.0.0.1 - - [31/May/2026 07:41:08] "POST /transcribe HTTP/1.1" 200 -
/Users/philipyeo/jarvis/venv/lib/python3.14/site-packages/whisper/transcribe.py:132: UserWarning: FP16 is not supported on CPU; using FP32 instead
  warnings.warn("FP16 is not supported on CPU; using FP32 instead")
127.0.0.1 - - [31/May/2026 07:42:04] "POST /transcribe HTTP/1.1" 200 -
/Users/philipyeo/jarvis/venv/lib/python3.14/site-packages/whisper/transcribe.py:132: UserWarning: FP16 is not supported on CPU; using FP32 instead
  warnings.warn("FP16 is not supported on CPU; using FP32 instead")
127.0.0.1 - - [31/May/2026 07:42:30] "GET /memory/load HTTP/1.1" 200 -
127.0.0.1 - - [31/May/2026 07:42:33] "OPTIONS /datetime HTTP/1.1" 200 -
127.0.0.1 - - [31/May/2026 07:42:33] "OPTIONS /calendar/upcoming HTTP/1.1" 200 -
127.0.0.1 - - [31/May/2026 07:42:33] "OPTIONS /gmail/count HTTP/1.1" 200 -
127.0.0.1 - - [31/May/2026 07:42:33] "OPTIONS /websearch HTTP/1.1" 200 -
127.0.0.1 - - [31/May/2026 07:42:33] "POST /datetime HTTP/1.1" 200 -
127.0.0.1 - - [31/May/2026 07:42:34] "POST /websearch HTTP/1.1" 200 -
127.0.0.1 - - [31/May/2026 07:42:34] "POST /calendar/upcoming HTTP/1.1" 200 -
127.0.0.1 - - [31/May/2026 07:42:34] "POST /gmail/count HTTP/1.1" 200 -
/Users/philipyeo/jarvis/venv/lib/python3.14/site-packages/whisper/transcribe.py:132: UserWarning: FP16 is not supported on CPU; using FP32 instead
  warnings.warn("FP16 is not supported on CPU; using FP32 instead")
127.0.0.1 - - [31/May/2026 07:42:36] "POST /transcribe HTTP/1.1" 200 -
127.0.0.1 - - [31/May/2026 07:42:39] "OPTIONS /speak HTTP/1.1" 200 -
127.0.0.1 - - [31/May/2026 07:42:41] "POST /speak HTTP/1.1" 200 -
127.0.0.1 - - [31/May/2026 07:42:41] "OPTIONS /speak HTTP/1.1" 200 -
127.0.0.1 - - [31/May/2026 07:42:42] "POST /transcribe HTTP/1.1" 200 -
127.0.0.1 - - [31/May/2026 07:42:43] "POST /speak HTTP/1.1" 200 -
/Users/philipyeo/jarvis/venv/lib/python3.14/site-packages/whisper/transcribe.py:132: UserWarning: FP16 is not supported on CPU; using FP32 instead
  warnings.warn("FP16 is not supported on CPU; using FP32 instead")
127.0.0.1 - - [31/May/2026 07:42:45] "OPTIONS /timer HTTP/1.1" 200 -
127.0.0.1 - - [31/May/2026 07:42:45] "[31m[1mPOST /timer HTTP/1.1[0m" 400 -
127.0.0.1 - - [31/May/2026 07:42:45] "OPTIONS /speak HTTP/1.1" 200 -
127.0.0.1 - - [31/May/2026 07:42:46] "POST /transcribe HTTP/1.1" 200 -
127.0.0.1 - - [31/May/2026 07:42:47] "POST /speak HTTP/1.1" 200 -
127.0.0.1 - - [31/May/2026 07:42:55] "OPTIONS /datetime HTTP/1.1" 200 -
127.0.0.1 - - [31/May/2026 07:42:55] "OPTIONS /calendar/upcoming HTTP/1.1" 200 -
127.0.0.1 - - [31/May/2026 07:42:55] "OPTIONS /gmail/count HTTP/1.1" 200 -
127.0.0.1 - - [31/May/2026 07:42:55] "OPTIONS /websearch HTTP/1.1" 200 -
127.0.0.1 - - [31/May/2026 07:42:55] "POST /datetime HTTP/1.1" 200 -
127.0.0.1 - - [31/May/2026 07:42:55] "POST /websearch HTTP/1.1" 200 -
127.0.0.1 - - [31/May/2026 07:42:55] "POST /gmail/count HTTP/1.1" 200 -
127.0.0.1 - - [31/May/2026 07:42:55] "POST /calendar/upcoming HTTP/1.1" 200 -
127.0.0.1 - - [31/May/2026 07:42:57] "OPTIONS /speak HTTP/1.1" 200 -
/Users/philipyeo/jarvis/venv/lib/python3.14/site-packages/whisper/transcribe.py:132: UserWarning: FP16 is not supported on CPU; using FP32 instead
  warnings.warn("FP16 is not supported on CPU; using FP32 instead")
127.0.0.1 - - [31/May/2026 07:42:58] "POST /speak HTTP/1.1" 200 -
127.0.0.1 - - [31/May/2026 07:42:58] "OPTIONS /speak HTTP/1.1" 200 -
127.0.0.1 - - [31/May/2026 07:43:00] "POST /speak HTTP/1.1" 200 -
127.0.0.1 - - [31/May/2026 07:43:01] "POST /transcribe HTTP/1.1" 200 -
127.0.0.1 - - [31/May/2026 07:43:03] "OPTIONS /volume HTTP/1.1" 200 -
127.0.0.1 - - [31/May/2026 07:43:03] "POST /volume HTTP/1.1" 200 -
127.0.0.1 - - [31/May/2026 07:43:03] "OPTIONS /speak HTTP/1.1" 200 -
/Users/philipyeo/jarvis/venv/lib/python3.14/site-packages/whisper/transcribe.py:132: UserWarning: FP16 is not supported on CPU; using FP32 instead
  warnings.warn("FP16 is not supported on CPU; using FP32 instead")
127.0.0.1 - - [31/May/2026 07:43:05] "POST /transcribe HTTP/1.1" 200 -
127.0.0.1 - - [31/May/2026 07:43:05] "POST /speak HTTP/1.1" 200 -
/Users/philipyeo/jarvis/venv/lib/python3.14/site-packages/whisper/transcribe.py:132: UserWarning: FP16 is not supported on CPU; using FP32 instead
  warnings.warn("FP16 is not supported on CPU; using FP32 instead")
127.0.0.1 - - [31/May/2026 07:43:22] "POST /transcribe HTTP/1.1" 200 -
127.0.0.1 - - [31/May/2026 07:43:25] "OPTIONS /speak HTTP/1.1" 200 -
/Users/philipyeo/jarvis/venv/lib/python3.14/site-packages/whisper/transcribe.py:132: UserWarning: FP16 is not supported on CPU; using FP32 instead
  warnings.warn("FP16 is not supported on CPU; using FP32 instead")
127.0.0.1 - - [31/May/2026 07:43:28] "OPTIONS /memory/save HTTP/1.1" 200 -
127.0.0.1 - - [31/May/2026 07:43:28] "POST /memory/save HTTP/1.1" 200 -
127.0.0.1 - - [31/May/2026 07:43:30] "POST /transcribe HTTP/1.1" 200 -
127.0.0.1 - - [31/May/2026 07:43:30] "POST /speak HTTP/1.1" 200 -
127.0.0.1 - - [31/May/2026 07:43:30] "OPTIONS /speak HTTP/1.1" 200 -
127.0.0.1 - - [31/May/2026 07:43:32] "POST /speak HTTP/1.1" 200 -
/Users/philipyeo/jarvis/venv/lib/python3.14/site-packages/whisper/transcribe.py:132: UserWarning: FP16 is not supported on CPU; using FP32 instead
  warnings.warn("FP16 is not supported on CPU; using FP32 instead")
127.0.0.1 - - [31/May/2026 07:43:40] "POST /transcribe HTTP/1.1" 200 -
127.0.0.1 - - [31/May/2026 07:43:40] "OPTIONS /open HTTP/1.1" 200 -
127.0.0.1 - - [31/May/2026 07:43:41] "POST /open HTTP/1.1" 200 -
127.0.0.1 - - [31/May/2026 07:43:41] "OPTIONS /speak HTTP/1.1" 200 -
/Users/philipyeo/jarvis/venv/lib/python3.14/site-packages/whisper/transcribe.py:132: UserWarning: FP16 is not supported on CPU; using FP32 instead
  warnings.warn("FP16 is not supported on CPU; using FP32 instead")
127.0.0.1 - - [31/May/2026 07:43:43] "POST /speak HTTP/1.1" 200 -
127.0.0.1 - - [31/May/2026 07:43:47] "POST /transcribe HTTP/1.1" 200 -
/Users/philipyeo/jarvis/venv/lib/python3.14/site-packages/whisper/transcribe.py:132: UserWarning: FP16 is not supported on CPU; using FP32 instead
  warnings.warn("FP16 is not supported on CPU; using FP32 instead")
127.0.0.1 - - [31/May/2026 07:43:49] "OPTIONS /open HTTP/1.1" 200 -
127.0.0.1 - - [31/May/2026 07:43:50] "POST /open HTTP/1.1" 200 -
127.0.0.1 - - [31/May/2026 07:43:50] "OPTIONS /speak HTTP/1.1" 200 -
/Users/philipyeo/jarvis/venv/lib/python3.14/site-packages/whisper/transcribe.py:132: UserWarning: FP16 is not supported on CPU; using FP32 instead
  warnings.warn("FP16 is not supported on CPU; using FP32 instead")
127.0.0.1 - - [31/May/2026 07:43:51] "POST /transcribe HTTP/1.1" 200 -
127.0.0.1 - - [31/May/2026 07:43:56] "OPTIONS /open HTTP/1.1" 200 -
127.0.0.1 - - [31/May/2026 07:43:57] "POST /open HTTP/1.1" 200 -
127.0.0.1 - - [31/May/2026 07:43:57] "OPTIONS /speak HTTP/1.1" 200 -
/Users/philipyeo/jarvis/venv/lib/python3.14/site-packages/whisper/transcribe.py:132: UserWarning: FP16 is not supported on CPU; using FP32 instead
  warnings.warn("FP16 is not supported on CPU; using FP32 instead")
127.0.0.1 - - [31/May/2026 07:43:59] "POST /speak HTTP/1.1" 200 -
127.0.0.1 - - [31/May/2026 07:43:59] "POST /transcribe HTTP/1.1" 200 -
127.0.0.1 - - [31/May/2026 07:44:02] "POST /speak HTTP/1.1" 200 -
127.0.0.1 - - [31/May/2026 07:44:06] "POST /transcribe HTTP/1.1" 200 -
127.0.0.1 - - [31/May/2026 07:44:08] "OPTIONS /volume HTTP/1.1" 200 -
127.0.0.1 - - [31/May/2026 07:44:09] "POST /volume HTTP/1.1" 200 -
127.0.0.1 - - [31/May/2026 07:44:09] "OPTIONS /speak HTTP/1.1" 200 -
/Users/philipyeo/jarvis/venv/lib/python3.14/site-packages/whisper/transcribe.py:132: UserWarning: FP16 is not supported on CPU; using FP32 instead
  warnings.warn("FP16 is not supported on CPU; using FP32 instead")
127.0.0.1 - - [31/May/2026 07:44:16] "POST /speak HTTP/1.1" 200 -
127.0.0.1 - - [31/May/2026 07:44:20] "POST /transcribe HTTP/1.1" 200 -
127.0.0.1 - - [31/May/2026 07:48:24] "GET /memory/load HTTP/1.1" 200 -
127.0.0.1 - - [31/May/2026 07:48:27] "OPTIONS /datetime HTTP/1.1" 200 -
127.0.0.1 - - [31/May/2026 07:48:27] "OPTIONS /calendar/upcoming HTTP/1.1" 200 -
127.0.0.1 - - [31/May/2026 07:48:27] "OPTIONS /gmail/count HTTP/1.1" 200 -
127.0.0.1 - - [31/May/2026 07:48:27] "OPTIONS /websearch HTTP/1.1" 200 -
127.0.0.1 - - [31/May/2026 07:48:27] "POST /datetime HTTP/1.1" 200 -
127.0.0.1 - - [31/May/2026 07:48:27] "POST /websearch HTTP/1.1" 200 -
127.0.0.1 - - [31/May/2026 07:48:27] "OPTIONS /datetime HTTP/1.1" 200 -
127.0.0.1 - - [31/May/2026 07:48:27] "POST /calendar/upcoming HTTP/1.1" 200 -
127.0.0.1 - - [31/May/2026 07:48:27] "POST /gmail/count HTTP/1.1" 200 -
127.0.0.1 - - [31/May/2026 07:48:27] "OPTIONS /calendar/upcoming HTTP/1.1" 200 -
127.0.0.1 - - [31/May/2026 07:48:27] "OPTIONS /gmail/count HTTP/1.1" 200 -
127.0.0.1 - - [31/May/2026 07:48:27] "OPTIONS /websearch HTTP/1.1" 200 -
127.0.0.1 - - [31/May/2026 07:48:27] "POST /datetime HTTP/1.1" 200 -
127.0.0.1 - - [31/May/2026 07:48:28] "POST /websearch HTTP/1.1" 200 -
127.0.0.1 - - [31/May/2026 07:48:28] "POST /calendar/upcoming HTTP/1.1" 200 -
127.0.0.1 - - [31/May/2026 07:48:28] "POST /gmail/count HTTP/1.1" 200 -
127.0.0.1 - - [31/May/2026 07:48:30] "OPTIONS /speak HTTP/1.1" 200 -
/Users/philipyeo/jarvis/venv/lib/python3.14/site-packages/whisper/transcribe.py:132: UserWarning: FP16 is not supported on CPU; using FP32 instead
  warnings.warn("FP16 is not supported on CPU; using FP32 instead")
127.0.0.1 - - [31/May/2026 07:48:32] "OPTIONS /speak HTTP/1.1" 200 -
127.0.0.1 - - [31/May/2026 07:48:33] "POST /transcribe HTTP/1.1" 200 -
127.0.0.1 - - [31/May/2026 07:48:34] "POST /speak HTTP/1.1" 200 -
127.0.0.1 - - [31/May/2026 07:48:34] "POST /speak HTTP/1.1" 200 -
127.0.0.1 - - [31/May/2026 07:48:36] "OPTIONS /open HTTP/1.1" 200 -
127.0.0.1 - - [31/May/2026 07:48:36] "POST /open HTTP/1.1" 200 -
127.0.0.1 - - [31/May/2026 07:48:36] "OPTIONS /speak HTTP/1.1" 200 -
/Users/philipyeo/jarvis/venv/lib/python3.14/site-packages/whisper/transcribe.py:132: UserWarning: FP16 is not supported on CPU; using FP32 instead
  warnings.warn("FP16 is not supported on CPU; using FP32 instead")
127.0.0.1 - - [31/May/2026 07:48:39] "POST /speak HTTP/1.1" 200 -
127.0.0.1 - - [31/May/2026 07:48:40] "POST /transcribe HTTP/1.1" 200 -
/Users/philipyeo/jarvis/venv/lib/python3.14/site-packages/whisper/transcribe.py:132: UserWarning: FP16 is not supported on CPU; using FP32 instead
  warnings.warn("FP16 is not supported on CPU; using FP32 instead")
127.0.0.1 - - [31/May/2026 07:48:53] "POST /transcribe HTTP/1.1" 200 -
127.0.0.1 - - [31/May/2026 07:48:55] "OPTIONS /open HTTP/1.1" 200 -
127.0.0.1 - - [31/May/2026 07:48:55] "POST /open HTTP/1.1" 200 -
127.0.0.1 - - [31/May/2026 07:48:55] "OPTIONS /speak HTTP/1.1" 200 -
/Users/philipyeo/jarvis/venv/lib/python3.14/site-packages/whisper/transcribe.py:132: UserWarning: FP16 is not supported on CPU; using FP32 instead
  warnings.warn("FP16 is not supported on CPU; using FP32 instead")
127.0.0.1 - - [31/May/2026 07:49:06] "POST /speak HTTP/1.1" 200 -
127.0.0.1 - - [31/May/2026 07:49:07] "POST /transcribe HTTP/1.1" 200 -
/Users/philipyeo/jarvis/venv/lib/python3.14/site-packages/whisper/transcribe.py:132: UserWarning: FP16 is not supported on CPU; using FP32 instead
  warnings.warn("FP16 is not supported on CPU; using FP32 instead")
127.0.0.1 - - [31/May/2026 07:49:17] "POST /transcribe HTTP/1.1" 200 -
/Library/Frameworks/Python.framework/Versions/3.14/lib/python3.14/multiprocessing/resource_tracker.py:396: UserWarning: resource_tracker: There appear to be 1 leaked semaphore objects to clean up at shutdown: {'/mp-zla6c3lr'}
  warnings.warn(
[31m[1mWARNING: This is a development server. Do not use it in a production deployment. Use a production WSGI server instead.[0m
 * Running on https://127.0.0.1:5001
[33mPress CTRL+C to quit[0m
127.0.0.1 - - [31/May/2026 08:02:25] "POST /datetime HTTP/1.1" 200 -
127.0.0.1 - - [31/May/2026 08:02:46] "GET /memory/load HTTP/1.1" 200 -
127.0.0.1 - - [31/May/2026 08:02:50] "OPTIONS /datetime HTTP/1.1" 200 -
127.0.0.1 - - [31/May/2026 08:02:50] "OPTIONS /calendar/upcoming HTTP/1.1" 200 -
127.0.0.1 - - [31/May/2026 08:02:50] "OPTIONS /gmail/count HTTP/1.1" 200 -
127.0.0.1 - - [31/May/2026 08:02:50] "OPTIONS /websearch HTTP/1.1" 200 -
127.0.0.1 - - [31/May/2026 08:02:50] "POST /datetime HTTP/1.1" 200 -
127.0.0.1 - - [31/May/2026 08:02:50] "POST /websearch HTTP/1.1" 200 -
127.0.0.1 - - [31/May/2026 08:02:51] "POST /calendar/upcoming HTTP/1.1" 200 -
127.0.0.1 - - [31/May/2026 08:02:51] "POST /gmail/count HTTP/1.1" 200 -
127.0.0.1 - - [31/May/2026 08:02:54] "OPTIONS /speak HTTP/1.1" 200 -
127.0.0.1 - - [31/May/2026 08:02:56] "POST /speak HTTP/1.1" 200 -
127.0.0.1 - - [31/May/2026 08:02:56] "OPTIONS /speak HTTP/1.1" 200 -
127.0.0.1 - - [31/May/2026 08:02:57] "POST /speak HTTP/1.1" 200 -
/Users/philipyeo/jarvis/venv/lib/python3.14/site-packages/whisper/transcribe.py:132: UserWarning: FP16 is not supported on CPU; using FP32 instead
  warnings.warn("FP16 is not supported on CPU; using FP32 instead")
127.0.0.1 - - [31/May/2026 08:03:00] "POST /transcribe HTTP/1.1" 200 -
127.0.0.1 - - [31/May/2026 08:03:01] "OPTIONS /speak HTTP/1.1" 200 -
127.0.0.1 - - [31/May/2026 08:03:03] "POST /speak HTTP/1.1" 200 -
/Users/philipyeo/jarvis/venv/lib/python3.14/site-packages/whisper/transcribe.py:132: UserWarning: FP16 is not supported on CPU; using FP32 instead
  warnings.warn("FP16 is not supported on CPU; using FP32 instead")
127.0.0.1 - - [31/May/2026 08:03:14] "POST /transcribe HTTP/1.1" 200 -
/Users/philipyeo/jarvis/venv/lib/python3.14/site-packages/whisper/transcribe.py:132: UserWarning: FP16 is not supported on CPU; using FP32 instead
  warnings.warn("FP16 is not supported on CPU; using FP32 instead")
127.0.0.1 - - [31/May/2026 08:03:16] "OPTIONS /speak HTTP/1.1" 200 -
127.0.0.1 - - [31/May/2026 08:03:16] "OPTIONS /websearch HTTP/1.1" 200 -
127.0.0.1 - - [31/May/2026 08:03:16] "POST /websearch HTTP/1.1" 200 -
127.0.0.1 - - [31/May/2026 08:03:18] "POST /transcribe HTTP/1.1" 200 -
127.0.0.1 - - [31/May/2026 08:03:18] "POST /speak HTTP/1.1" 200 -
127.0.0.1 - - [31/May/2026 08:03:25] "OPTIONS /speak HTTP/1.1" 200 -
127.0.0.1 - - [31/May/2026 08:03:27] "POST /speak HTTP/1.1" 200 -
127.0.0.1 - - [31/May/2026 08:03:27] "OPTIONS /speak HTTP/1.1" 200 -
127.0.0.1 - - [31/May/2026 08:03:28] "POST /speak HTTP/1.1" 200 -
127.0.0.1 - - [31/May/2026 08:03:36] "OPTIONS /speak HTTP/1.1" 200 -
127.0.0.1 - - [31/May/2026 08:03:38] "POST /speak HTTP/1.1" 200 -
127.0.0.1 - - [31/May/2026 08:03:40] "OPTIONS /speak HTTP/1.1" 200 -
127.0.0.1 - - [31/May/2026 08:03:41] "POST /speak HTTP/1.1" 200 -
127.0.0.1 - - [31/May/2026 08:03:48] "OPTIONS /speak HTTP/1.1" 200 -
127.0.0.1 - - [31/May/2026 08:03:49] "POST /speak HTTP/1.1" 200 -
/Users/philipyeo/jarvis/venv/lib/python3.14/site-packages/whisper/transcribe.py:132: UserWarning: FP16 is not supported on CPU; using FP32 instead
  warnings.warn("FP16 is not supported on CPU; using FP32 instead")
127.0.0.1 - - [31/May/2026 08:04:03] "POST /transcribe HTTP/1.1" 200 -
127.0.0.1 - - [31/May/2026 12:50:33] "GET /memory/load HTTP/1.1" 200 -
127.0.0.1 - - [31/May/2026 12:50:36] "OPTIONS /datetime HTTP/1.1" 200 -
127.0.0.1 - - [31/May/2026 12:50:36] "OPTIONS /calendar/upcoming HTTP/1.1" 200 -
127.0.0.1 - - [31/May/2026 12:50:36] "OPTIONS /gmail/count HTTP/1.1" 200 -
127.0.0.1 - - [31/May/2026 12:50:36] "OPTIONS /websearch HTTP/1.1" 200 -
127.0.0.1 - - [31/May/2026 12:50:36] "POST /datetime HTTP/1.1" 200 -
127.0.0.1 - - [31/May/2026 12:50:37] "POST /websearch HTTP/1.1" 200 -
127.0.0.1 - - [31/May/2026 12:50:37] "POST /calendar/upcoming HTTP/1.1" 200 -
127.0.0.1 - - [31/May/2026 12:50:37] "POST /gmail/count HTTP/1.1" 200 -
127.0.0.1 - - [31/May/2026 12:50:41] "OPTIONS /speak HTTP/1.1" 200 -
/Users/philipyeo/jarvis/venv/lib/python3.14/site-packages/whisper/transcribe.py:132: UserWarning: FP16 is not supported on CPU; using FP32 instead
  warnings.warn("FP16 is not supported on CPU; using FP32 instead")
127.0.0.1 - - [31/May/2026 12:50:43] "POST /transcribe HTTP/1.1" 200 -
127.0.0.1 - - [31/May/2026 12:50:45] "POST /speak HTTP/1.1" 200 -
127.0.0.1 - - [31/May/2026 12:50:45] "OPTIONS /speak HTTP/1.1" 200 -
127.0.0.1 - - [31/May/2026 12:50:46] "POST /speak HTTP/1.1" 200 -
127.0.0.1 - - [31/May/2026 12:50:47] "OPTIONS /speak HTTP/1.1" 200 -
127.0.0.1 - - [31/May/2026 12:50:48] "POST /speak HTTP/1.1" 200 -
127.0.0.1 - - [31/May/2026 12:51:06] "OPTIONS /speak HTTP/1.1" 200 -
127.0.0.1 - - [31/May/2026 12:51:06] "OPTIONS /websearch HTTP/1.1" 200 -
127.0.0.1 - - [31/May/2026 12:51:06] "POST /websearch HTTP/1.1" 200 -
/Users/philipyeo/jarvis/venv/lib/python3.14/site-packages/whisper/transcribe.py:132: UserWarning: FP16 is not supported on CPU; using FP32 instead
  warnings.warn("FP16 is not supported on CPU; using FP32 instead")
127.0.0.1 - - [31/May/2026 12:51:08] "POST /speak HTTP/1.1" 200 -
127.0.0.1 - - [31/May/2026 12:51:08] "POST /transcribe HTTP/1.1" 200 -
127.0.0.1 - - [31/May/2026 12:51:09] "OPTIONS /speak HTTP/1.1" 200 -
127.0.0.1 - - [31/May/2026 12:51:10] "POST /speak HTTP/1.1" 200 -
/Users/philipyeo/jarvis/venv/lib/python3.14/site-packages/whisper/transcribe.py:132: UserWarning: FP16 is not supported on CPU; using FP32 instead
  warnings.warn("FP16 is not supported on CPU; using FP32 instead")
127.0.0.1 - - [31/May/2026 12:51:32] "POST /transcribe HTTP/1.1" 200 -
127.0.0.1 - - [31/May/2026 12:52:01] "POST /websearch HTTP/1.1" 200 -
/Users/philipyeo/jarvis/venv/lib/python3.14/site-packages/whisper/transcribe.py:132: UserWarning: FP16 is not supported on CPU; using FP32 instead
  warnings.warn("FP16 is not supported on CPU; using FP32 instead")
127.0.0.1 - - [31/May/2026 12:58:20] "POST /transcribe HTTP/1.1" 200 -
127.0.0.1 - - [31/May/2026 12:58:24] "OPTIONS /open HTTP/1.1" 200 -
127.0.0.1 - - [31/May/2026 12:58:24] "[33mPOST /open HTTP/1.1[0m" 404 -
127.0.0.1 - - [31/May/2026 12:58:24] "OPTIONS /speak HTTP/1.1" 200 -
/Users/philipyeo/jarvis/venv/lib/python3.14/site-packages/whisper/transcribe.py:132: UserWarning: FP16 is not supported on CPU; using FP32 instead
  warnings.warn("FP16 is not supported on CPU; using FP32 instead")
127.0.0.1 - - [31/May/2026 12:58:26] "POST /transcribe HTTP/1.1" 200 -
127.0.0.1 - - [31/May/2026 12:58:27] "OPTIONS /speak HTTP/1.1" 200 -
127.0.0.1 - - [31/May/2026 12:58:27] "OPTIONS /websearch HTTP/1.1" 200 -
127.0.0.1 - - [31/May/2026 12:58:28] "POST /websearch HTTP/1.1" 200 -
/Users/philipyeo/jarvis/venv/lib/python3.14/site-packages/whisper/transcribe.py:132: UserWarning: FP16 is not supported on CPU; using FP32 instead
  warnings.warn("FP16 is not supported on CPU; using FP32 instead")
127.0.0.1 - - [31/May/2026 12:58:29] "POST /speak HTTP/1.1" 200 -
127.0.0.1 - - [31/May/2026 12:58:30] "OPTIONS /speak HTTP/1.1" 200 -
127.0.0.1 - - [31/May/2026 12:58:30] "POST /speak HTTP/1.1" 200 -
127.0.0.1 - - [31/May/2026 12:58:32] "POST /speak HTTP/1.1" 200 -
/Users/philipyeo/jarvis/venv/lib/python3.14/site-packages/whisper/transcribe.py:132: UserWarning: FP16 is not supported on CPU; using FP32 instead
  warnings.warn("FP16 is not supported on CPU; using FP32 instead")
127.0.0.1 - - [31/May/2026 12:58:32] "POST /transcribe HTTP/1.1" 200 -
127.0.0.1 - - [31/May/2026 12:58:33] "POST /transcribe HTTP/1.1" 200 -
127.0.0.1 - - [31/May/2026 12:58:34] "OPTIONS /open HTTP/1.1" 200 -
127.0.0.1 - - [31/May/2026 12:58:35] "POST /open HTTP/1.1" 200 -
127.0.0.1 - - [31/May/2026 12:58:35] "OPTIONS /speak HTTP/1.1" 200 -
/Users/philipyeo/jarvis/venv/lib/python3.14/site-packages/whisper/transcribe.py:132: UserWarning: FP16 is not supported on CPU; using FP32 instead
  warnings.warn("FP16 is not supported on CPU; using FP32 instead")
127.0.0.1 - - [31/May/2026 12:58:42] "POST /speak HTTP/1.1" 200 -
/Users/philipyeo/jarvis/venv/lib/python3.14/site-packages/whisper/transcribe.py:132: UserWarning: FP16 is not supported on CPU; using FP32 instead
  warnings.warn("FP16 is not supported on CPU; using FP32 instead")
[2026-05-31 12:58:56,660] ERROR in app: Exception on /transcribe [POST]
Traceback (most recent call last):
  File "/Users/philipyeo/jarvis/venv/lib/python3.14/site-packages/flask/app.py", line 1511, in wsgi_app
    response = self.full_dispatch_request()
  File "/Users/philipyeo/jarvis/venv/lib/python3.14/site-packages/flask/app.py", line 919, in full_dispatch_request
    rv = self.handle_user_exception(e)
  File "/Users/philipyeo/jarvis/venv/lib/python3.14/site-packages/flask_cors/extension.py", line 176, in wrapped_function
    return cors_after_request(app.make_response(f(*args, **kwargs)))
                                                ~^^^^^^^^^^^^^^^^^
  File "/Users/philipyeo/jarvis/venv/lib/python3.14/site-packages/flask/app.py", line 917, in full_dispatch_request
    rv = self.dispatch_request()
  File "/Users/philipyeo/jarvis/venv/lib/python3.14/site-packages/flask/app.py", line 902, in dispatch_request
    return self.ensure_sync(self.view_functions[rule.endpoint])(**view_args)  # type: ignore[no-any-return]
           ~~~~~~~~~~~~~~~~~~~~~~~~~~~~~~~~~~~~~~~~~~~~~~~~~~~~^^^^^^^^^^^^^
  File "/Users/philipyeo/jarvis/server.py", line 596, in transcribe
    result = model.transcribe(wav_path)
  File "/Users/philipyeo/jarvis/venv/lib/python3.14/site-packages/whisper/transcribe.py", line 295, in transcribe
    result: DecodingResult = decode_with_fallback(mel_segment)
                             ~~~~~~~~~~~~~~~~~~~~^^^^^^^^^^^^^
  File "/Users/philipyeo/jarvis/venv/lib/python3.14/site-packages/whisper/transcribe.py", line 201, in decode_with_fallback
    decode_result = model.decode(segment, options)
  File "/Users/philipyeo/jarvis/venv/lib/python3.14/site-packages/torch/utils/_contextlib.py", line 124, in decorate_context
    return func(*args, **kwargs)
  File "/Users/philipyeo/jarvis/venv/lib/python3.14/site-packages/whisper/decoding.py", line 824, in decode
    result = DecodingTask(model, options).run(mel)
  File "/Users/philipyeo/jarvis/venv/lib/python3.14/site-packages/torch/utils/_contextlib.py", line 124, in decorate_context
    return func(*args, **kwargs)
  File "/Users/philipyeo/jarvis/venv/lib/python3.14/site-packages/whisper/decoding.py", line 737, in run
    tokens, sum_logprobs, no_speech_probs = self._main_loop(audio_features, tokens)
                                            ~~~~~~~~~~~~~~~^^^^^^^^^^^^^^^^^^^^^^^^
  File "/Users/philipyeo/jarvis/venv/lib/python3.14/site-packages/whisper/decoding.py", line 703, in _main_loop
    tokens, completed = self.decoder.update(tokens, logits, sum_logprobs)
                        ~~~~~~~~~~~~~~~~~~~^^^^^^^^^^^^^^^^^^^^^^^^^^^^^^
  File "/Users/philipyeo/jarvis/venv/lib/python3.14/site-packages/whisper/decoding.py", line 283, in update
    next_tokens = Categorical(logits=logits / self.temperature).sample()
                  ~~~~~~~~~~~^^^^^^^^^^^^^^^^^^^^^^^^^^^^^^^^^^
  File "/Users/philipyeo/jarvis/venv/lib/python3.14/site-packages/torch/distributions/categorical.py", line 85, in __init__
    super().__init__(batch_shape, validate_args=validate_args)
    ~~~~~~~~~~~~~~~~^^^^^^^^^^^^^^^^^^^^^^^^^^^^^^^^^^^^^^^^^^
  File "/Users/philipyeo/jarvis/venv/lib/python3.14/site-packages/torch/distributions/distribution.py", line 77, in __init__
    raise ValueError(
    ...<5 lines>...
    )
ValueError: Expected parameter logits (Tensor of shape (1, 51865)) of distribution Categorical(logits: torch.Size([1, 51865])) to satisfy the constraint IndependentConstraint(Real(), 1), but found invalid values:
tensor([[nan, nan, nan,  ..., nan, nan, nan]])
127.0.0.1 - - [31/May/2026 12:58:57] "[35m[1mPOST /transcribe HTTP/1.1[0m" 500 -
127.0.0.1 - - [31/May/2026 12:59:02] "POST /transcribe HTTP/1.1" 200 -
127.0.0.1 - - [31/May/2026 12:59:03] "OPTIONS /timer HTTP/1.1" 200 -
127.0.0.1 - - [31/May/2026 12:59:03] "POST /timer HTTP/1.1" 200 -
127.0.0.1 - - [31/May/2026 12:59:03] "OPTIONS /speak HTTP/1.1" 200 -
/Users/philipyeo/jarvis/venv/lib/python3.14/site-packages/whisper/transcribe.py:132: UserWarning: FP16 is not supported on CPU; using FP32 instead
  warnings.warn("FP16 is not supported on CPU; using FP32 instead")
127.0.0.1 - - [31/May/2026 12:59:06] "POST /speak HTTP/1.1" 200 -
127.0.0.1 - - [31/May/2026 12:59:11] "POST /transcribe HTTP/1.1" 200 -
/Users/philipyeo/jarvis/venv/lib/python3.14/site-packages/whisper/transcribe.py:132: UserWarning: FP16 is not supported on CPU; using FP32 instead
  warnings.warn("FP16 is not supported on CPU; using FP32 instead")
127.0.0.1 - - [31/May/2026 12:59:14] "POST /transcribe HTTP/1.1" 200 -
127.0.0.1 - - [31/May/2026 12:59:15] "OPTIONS /speak HTTP/1.1" 200 -
127.0.0.1 - - [31/May/2026 12:59:17] "POST /speak HTTP/1.1" 200 -
127.0.0.1 - - [31/May/2026 12:59:22] "OPTIONS /memory/save HTTP/1.1" 200 -
127.0.0.1 - - [31/May/2026 12:59:22] "POST /memory/save HTTP/1.1" 200 -
127.0.0.1 - - [31/May/2026 13:05:40] "[33mPOST /news HTTP/1.1[0m" 404 -
/Library/Frameworks/Python.framework/Versions/3.14/lib/python3.14/multiprocessing/resource_tracker.py:396: UserWarning: resource_tracker: There appear to be 1 leaked semaphore objects to clean up at shutdown: {'/mp-89n1ehpa'}
  warnings.warn(
[31m[1mWARNING: This is a development server. Do not use it in a production deployment. Use a production WSGI server instead.[0m
 * Running on https://127.0.0.1:5001
[33mPress CTRL+C to quit[0m
127.0.0.1 - - [31/May/2026 13:06:00] "[33mPOST /news HTTP/1.1[0m" 404 -
[31m[1mWARNING: This is a development server. Do not use it in a production deployment. Use a production WSGI server instead.[0m
 * Running on https://127.0.0.1:5001
[33mPress CTRL+C to quit[0m
127.0.0.1 - - [31/May/2026 13:06:43] "[33mPOST /news HTTP/1.1[0m" 404 -
[31m[1mWARNING: This is a development server. Do not use it in a production deployment. Use a production WSGI server instead.[0m
 * Running on https://127.0.0.1:5001
[33mPress CTRL+C to quit[0m
127.0.0.1 - - [31/May/2026 13:07:54] "POST /news HTTP/1.1" 200 -
127.0.0.1 - - [31/May/2026 13:44:19] "GET /memory/load HTTP/1.1" 200 -
127.0.0.1 - - [31/May/2026 13:44:22] "OPTIONS /datetime HTTP/1.1" 200 -
127.0.0.1 - - [31/May/2026 13:44:22] "OPTIONS /calendar/upcoming HTTP/1.1" 200 -
127.0.0.1 - - [31/May/2026 13:44:22] "OPTIONS /gmail/count HTTP/1.1" 200 -
127.0.0.1 - - [31/May/2026 13:44:22] "OPTIONS /websearch HTTP/1.1" 200 -
127.0.0.1 - - [31/May/2026 13:44:22] "POST /datetime HTTP/1.1" 200 -
127.0.0.1 - - [31/May/2026 13:44:22] "POST /websearch HTTP/1.1" 200 -
127.0.0.1 - - [31/May/2026 13:44:23] "POST /calendar/upcoming HTTP/1.1" 200 -
127.0.0.1 - - [31/May/2026 13:44:23] "POST /gmail/count HTTP/1.1" 200 -
127.0.0.1 - - [31/May/2026 13:44:26] "OPTIONS /speak HTTP/1.1" 200 -
127.0.0.1 - - [31/May/2026 13:44:30] "POST /speak HTTP/1.1" 200 -
127.0.0.1 - - [31/May/2026 13:44:32] "POST /speak HTTP/1.1" 200 -
127.0.0.1 - - [31/May/2026 13:44:32] "OPTIONS /speak HTTP/1.1" 200 -
/Users/philipyeo/jarvis/venv/lib/python3.14/site-packages/whisper/transcribe.py:132: UserWarning: FP16 is not supported on CPU; using FP32 instead
  warnings.warn("FP16 is not supported on CPU; using FP32 instead")
127.0.0.1 - - [31/May/2026 13:44:34] "POST /speak HTTP/1.1" 200 -
127.0.0.1 - - [31/May/2026 13:44:38] "POST /transcribe HTTP/1.1" 200 -
127.0.0.1 - - [31/May/2026 13:44:39] "POST /speak HTTP/1.1" 200 -
127.0.0.1 - - [31/May/2026 13:44:42] "OPTIONS /speak HTTP/1.1" 200 -
/Users/philipyeo/jarvis/venv/lib/python3.14/site-packages/whisper/transcribe.py:132: UserWarning: FP16 is not supported on CPU; using FP32 instead
  warnings.warn("FP16 is not supported on CPU; using FP32 instead")
127.0.0.1 - - [31/May/2026 13:44:44] "POST /speak HTTP/1.1" 200 -
127.0.0.1 - - [31/May/2026 13:44:45] "POST /transcribe HTTP/1.1" 200 -
127.0.0.1 - - [31/May/2026 13:44:46] "OPTIONS /memory/save HTTP/1.1" 200 -
127.0.0.1 - - [31/May/2026 13:44:46] "POST /memory/save HTTP/1.1" 200 -
127.0.0.1 - - [31/May/2026 13:44:46] "POST /speak HTTP/1.1" 200 -
127.0.0.1 - - [31/May/2026 13:44:48] "OPTIONS /datetime HTTP/1.1" 200 -
127.0.0.1 - - [31/May/2026 13:44:48] "OPTIONS /calendar/upcoming HTTP/1.1" 200 -
127.0.0.1 - - [31/May/2026 13:44:48] "OPTIONS /gmail/count HTTP/1.1" 200 -
127.0.0.1 - - [31/May/2026 13:44:48] "OPTIONS /websearch HTTP/1.1" 200 -
127.0.0.1 - - [31/May/2026 13:44:48] "POST /datetime HTTP/1.1" 200 -
127.0.0.1 - - [31/May/2026 13:44:48] "POST /websearch HTTP/1.1" 200 -
127.0.0.1 - - [31/May/2026 13:44:49] "POST /calendar/upcoming HTTP/1.1" 200 -
127.0.0.1 - - [31/May/2026 13:44:49] "POST /gmail/count HTTP/1.1" 200 -
127.0.0.1 - - [31/May/2026 13:44:50] "OPTIONS /speak HTTP/1.1" 200 -
/Users/philipyeo/jarvis/venv/lib/python3.14/site-packages/whisper/transcribe.py:132: UserWarning: FP16 is not supported on CPU; using FP32 instead
  warnings.warn("FP16 is not supported on CPU; using FP32 instead")
127.0.0.1 - - [31/May/2026 13:44:51] "POST /transcribe HTTP/1.1" 200 -
127.0.0.1 - - [31/May/2026 13:44:52] "POST /speak HTTP/1.1" 200 -
127.0.0.1 - - [31/May/2026 13:44:53] "POST /speak HTTP/1.1" 200 -
127.0.0.1 - - [31/May/2026 13:44:55] "POST /speak HTTP/1.1" 200 -
127.0.0.1 - - [31/May/2026 13:45:04] "OPTIONS /speak HTTP/1.1" 200 -
127.0.0.1 - - [31/May/2026 13:45:04] "OPTIONS /websearch HTTP/1.1" 200 -
/Users/philipyeo/jarvis/venv/lib/python3.14/site-packages/whisper/transcribe.py:132: UserWarning: FP16 is not supported on CPU; using FP32 instead
  warnings.warn("FP16 is not supported on CPU; using FP32 instead")
127.0.0.1 - - [31/May/2026 13:45:04] "POST /websearch HTTP/1.1" 200 -
127.0.0.1 - - [31/May/2026 13:45:07] "POST /speak HTTP/1.1" 200 -
127.0.0.1 - - [31/May/2026 13:45:08] "POST /transcribe HTTP/1.1" 200 -
127.0.0.1 - - [31/May/2026 13:45:09] "POST /speak HTTP/1.1" 200 -
127.0.0.1 - - [31/May/2026 13:50:32] "GET /memory/load HTTP/1.1" 200 -
127.0.0.1 - - [31/May/2026 13:50:35] "OPTIONS /datetime HTTP/1.1" 200 -
127.0.0.1 - - [31/May/2026 13:50:35] "OPTIONS /calendar/upcoming HTTP/1.1" 200 -
127.0.0.1 - - [31/May/2026 13:50:36] "OPTIONS /gmail/count HTTP/1.1" 200 -
127.0.0.1 - - [31/May/2026 13:50:36] "OPTIONS /websearch HTTP/1.1" 200 -
127.0.0.1 - - [31/May/2026 13:50:36] "POST /datetime HTTP/1.1" 200 -
127.0.0.1 - - [31/May/2026 13:50:36] "POST /websearch HTTP/1.1" 200 -
/Users/philipyeo/jarvis/venv/lib/python3.14/site-packages/whisper/transcribe.py:132: UserWarning: FP16 is not supported on CPU; using FP32 instead
  warnings.warn("FP16 is not supported on CPU; using FP32 instead")
127.0.0.1 - - [31/May/2026 13:50:36] "POST /calendar/upcoming HTTP/1.1" 200 -
127.0.0.1 - - [31/May/2026 13:50:36] "POST /gmail/count HTTP/1.1" 200 -
127.0.0.1 - - [31/May/2026 13:50:37] "POST /transcribe HTTP/1.1" 200 -
127.0.0.1 - - [31/May/2026 13:50:45] "OPTIONS /speak HTTP/1.1" 200 -
/Users/philipyeo/jarvis/venv/lib/python3.14/site-packages/whisper/transcribe.py:132: UserWarning: FP16 is not supported on CPU; using FP32 instead
  warnings.warn("FP16 is not supported on CPU; using FP32 instead")
127.0.0.1 - - [31/May/2026 13:50:47] "POST /transcribe HTTP/1.1" 200 -
127.0.0.1 - - [31/May/2026 13:50:47] "POST /speak HTTP/1.1" 200 -
127.0.0.1 - - [31/May/2026 13:50:52] "OPTIONS /volume HTTP/1.1" 200 -
127.0.0.1 - - [31/May/2026 13:50:53] "POST /volume HTTP/1.1" 200 -
127.0.0.1 - - [31/May/2026 13:50:53] "OPTIONS /speak HTTP/1.1" 200 -
/Users/philipyeo/jarvis/venv/lib/python3.14/site-packages/whisper/transcribe.py:132: UserWarning: FP16 is not supported on CPU; using FP32 instead
  warnings.warn("FP16 is not supported on CPU; using FP32 instead")
127.0.0.1 - - [31/May/2026 13:50:54] "POST /transcribe HTTP/1.1" 200 -
127.0.0.1 - - [31/May/2026 13:50:55] "POST /speak HTTP/1.1" 200 -
127.0.0.1 - - [31/May/2026 13:50:55] "OPTIONS /datetime HTTP/1.1" 200 -
127.0.0.1 - - [31/May/2026 13:50:55] "OPTIONS /calendar/upcoming HTTP/1.1" 200 -
127.0.0.1 - - [31/May/2026 13:50:55] "OPTIONS /gmail/count HTTP/1.1" 200 -
127.0.0.1 - - [31/May/2026 13:50:55] "OPTIONS /websearch HTTP/1.1" 200 -
127.0.0.1 - - [31/May/2026 13:50:55] "POST /datetime HTTP/1.1" 200 -
127.0.0.1 - - [31/May/2026 13:50:55] "POST /websearch HTTP/1.1" 200 -
127.0.0.1 - - [31/May/2026 13:50:56] "POST /calendar/upcoming HTTP/1.1" 200 -
127.0.0.1 - - [31/May/2026 13:50:56] "POST /gmail/count HTTP/1.1" 200 -
127.0.0.1 - - [31/May/2026 13:51:04] "OPTIONS /speak HTTP/1.1" 200 -
/Users/philipyeo/jarvis/venv/lib/python3.14/site-packages/whisper/transcribe.py:132: UserWarning: FP16 is not supported on CPU; using FP32 instead
  warnings.warn("FP16 is not supported on CPU; using FP32 instead")
127.0.0.1 - - [31/May/2026 13:51:06] "POST /speak HTTP/1.1" 200 -
127.0.0.1 - - [31/May/2026 13:51:06] "OPTIONS /speak HTTP/1.1" 200 -
127.0.0.1 - - [31/May/2026 13:51:08] "POST /speak HTTP/1.1" 200 -
127.0.0.1 - - [31/May/2026 13:51:09] "OPTIONS /speak HTTP/1.1" 200 -
127.0.0.1 - - [31/May/2026 13:51:11] "POST /transcribe HTTP/1.1" 200 -
/Users/philipyeo/jarvis/venv/lib/python3.14/site-packages/whisper/transcribe.py:132: UserWarning: FP16 is not supported on CPU; using FP32 instead
  warnings.warn("FP16 is not supported on CPU; using FP32 instead")
127.0.0.1 - - [31/May/2026 13:51:14] "POST /speak HTTP/1.1" 200 -
127.0.0.1 - - [31/May/2026 13:51:33] "OPTIONS /speak HTTP/1.1" 200 -
127.0.0.1 - - [31/May/2026 13:51:41] "OPTIONS /memory/save HTTP/1.1" 200 -
127.0.0.1 - - [31/May/2026 13:51:41] "POST /memory/save HTTP/1.1" 200 -
127.0.0.1 - - [31/May/2026 13:51:43] "POST /transcribe HTTP/1.1" 200 -
127.0.0.1 - - [31/May/2026 13:51:45] "POST /speak HTTP/1.1" 200 -
127.0.0.1 - - [31/May/2026 13:51:45] "OPTIONS /speak HTTP/1.1" 200 -
127.0.0.1 - - [31/May/2026 13:51:49] "POST /speak HTTP/1.1" 200 -
127.0.0.1 - - [31/May/2026 13:52:41] "GET /memory/load HTTP/1.1" 200 -
127.0.0.1 - - [31/May/2026 13:52:44] "OPTIONS /datetime HTTP/1.1" 200 -
127.0.0.1 - - [31/May/2026 13:52:44] "OPTIONS /calendar/upcoming HTTP/1.1" 200 -
127.0.0.1 - - [31/May/2026 13:52:44] "OPTIONS /gmail/count HTTP/1.1" 200 -
127.0.0.1 - - [31/May/2026 13:52:44] "OPTIONS /websearch HTTP/1.1" 200 -
127.0.0.1 - - [31/May/2026 13:52:44] "POST /datetime HTTP/1.1" 200 -
127.0.0.1 - - [31/May/2026 13:52:44] "POST /websearch HTTP/1.1" 200 -
127.0.0.1 - - [31/May/2026 13:52:45] "POST /calendar/upcoming HTTP/1.1" 200 -
127.0.0.1 - - [31/May/2026 13:52:45] "POST /gmail/count HTTP/1.1" 200 -
127.0.0.1 - - [31/May/2026 13:52:49] "OPTIONS /speak HTTP/1.1" 200 -
/Users/philipyeo/jarvis/venv/lib/python3.14/site-packages/whisper/transcribe.py:132: UserWarning: FP16 is not supported on CPU; using FP32 instead
  warnings.warn("FP16 is not supported on CPU; using FP32 instead")
127.0.0.1 - - [31/May/2026 13:52:54] "POST /speak HTTP/1.1" 200 -
127.0.0.1 - - [31/May/2026 13:52:54] "OPTIONS /speak HTTP/1.1" 200 -
127.0.0.1 - - [31/May/2026 13:52:55] "POST /transcribe HTTP/1.1" 200 -
127.0.0.1 - - [31/May/2026 13:52:59] "POST /speak HTTP/1.1" 200 -
127.0.0.1 - - [31/May/2026 13:53:08] "OPTIONS /speak HTTP/1.1" 200 -
127.0.0.1 - - [31/May/2026 13:53:08] "OPTIONS /news HTTP/1.1" 200 -
/Users/philipyeo/jarvis/venv/lib/python3.14/site-packages/whisper/transcribe.py:132: UserWarning: FP16 is not supported on CPU; using FP32 instead
  warnings.warn("FP16 is not supported on CPU; using FP32 instead")
127.0.0.1 - - [31/May/2026 13:53:09] "POST /news HTTP/1.1" 200 -
127.0.0.1 - - [31/May/2026 13:53:12] "POST /speak HTTP/1.1" 200 -
127.0.0.1 - - [31/May/2026 13:53:13] "POST /transcribe HTTP/1.1" 200 -
127.0.0.1 - - [31/May/2026 13:53:15] "OPTIONS /memory/save HTTP/1.1" 200 -
127.0.0.1 - - [31/May/2026 13:53:15] "POST /memory/save HTTP/1.1" 200 -
/Users/philipyeo/jarvis/venv/lib/python3.14/site-packages/whisper/transcribe.py:132: UserWarning: FP16 is not supported on CPU; using FP32 instead
  warnings.warn("FP16 is not supported on CPU; using FP32 instead")
127.0.0.1 - - [31/May/2026 13:53:27] "POST /transcribe HTTP/1.1" 200 -
127.0.0.1 - - [31/May/2026 13:53:29] "OPTIONS /speak HTTP/1.1" 200 -
127.0.0.1 - - [31/May/2026 13:53:31] "POST /speak HTTP/1.1" 200 -
127.0.0.1 - - [31/May/2026 13:53:31] "OPTIONS /speak HTTP/1.1" 200 -
127.0.0.1 - - [31/May/2026 13:53:32] "POST /speak HTTP/1.1" 200 -
127.0.0.1 - - [31/May/2026 13:53:37] "OPTIONS /speak HTTP/1.1" 200 -
127.0.0.1 - - [31/May/2026 13:53:38] "POST /speak HTTP/1.1" 200 -
/Users/philipyeo/jarvis/venv/lib/python3.14/site-packages/whisper/transcribe.py:132: UserWarning: FP16 is not supported on CPU; using FP32 instead
  warnings.warn("FP16 is not supported on CPU; using FP32 instead")
127.0.0.1 - - [31/May/2026 13:53:58] "POST /transcribe HTTP/1.1" 200 -
127.0.0.1 - - [31/May/2026 13:54:36] "GET /memory/load HTTP/1.1" 200 -
127.0.0.1 - - [31/May/2026 13:54:39] "OPTIONS /datetime HTTP/1.1" 200 -
127.0.0.1 - - [31/May/2026 13:54:39] "OPTIONS /calendar/upcoming HTTP/1.1" 200 -
127.0.0.1 - - [31/May/2026 13:54:39] "OPTIONS /gmail/count HTTP/1.1" 200 -
127.0.0.1 - - [31/May/2026 13:54:39] "OPTIONS /websearch HTTP/1.1" 200 -
127.0.0.1 - - [31/May/2026 13:54:39] "POST /datetime HTTP/1.1" 200 -
127.0.0.1 - - [31/May/2026 13:54:40] "POST /websearch HTTP/1.1" 200 -
127.0.0.1 - - [31/May/2026 13:54:40] "POST /calendar/upcoming HTTP/1.1" 200 -
127.0.0.1 - - [31/May/2026 13:54:41] "POST /gmail/count HTTP/1.1" 200 -
127.0.0.1 - - [31/May/2026 13:54:50] "OPTIONS /speak HTTP/1.1" 200 -
/Users/philipyeo/jarvis/venv/lib/python3.14/site-packages/whisper/transcribe.py:132: UserWarning: FP16 is not supported on CPU; using FP32 instead
  warnings.warn("FP16 is not supported on CPU; using FP32 instead")
127.0.0.1 - - [31/May/2026 13:54:55] "POST /speak HTTP/1.1" 200 -
127.0.0.1 - - [31/May/2026 13:54:55] "OPTIONS /speak HTTP/1.1" 200 -
127.0.0.1 - - [31/May/2026 13:54:58] "POST /speak HTTP/1.1" 200 -
127.0.0.1 - - [31/May/2026 13:54:58] "OPTIONS /speak HTTP/1.1" 200 -
127.0.0.1 - - [31/May/2026 13:55:00] "POST /speak HTTP/1.1" 200 -
127.0.0.1 - - [31/May/2026 13:55:03] "POST /transcribe HTTP/1.1" 200 -
/Users/philipyeo/jarvis/venv/lib/python3.14/site-packages/whisper/transcribe.py:132: UserWarning: FP16 is not supported on CPU; using FP32 instead
  warnings.warn("FP16 is not supported on CPU; using FP32 instead")
127.0.0.1 - - [31/May/2026 13:55:18] "OPTIONS /speak HTTP/1.1" 200 -
127.0.0.1 - - [31/May/2026 13:55:24] "POST /speak HTTP/1.1" 200 -
127.0.0.1 - - [31/May/2026 13:55:25] "OPTIONS /speak HTTP/1.1" 200 -
127.0.0.1 - - [31/May/2026 13:55:26] "OPTIONS /memory/save HTTP/1.1" 200 -
127.0.0.1 - - [31/May/2026 13:55:26] "POST /memory/save HTTP/1.1" 200 -
127.0.0.1 - - [31/May/2026 13:55:28] "POST /transcribe HTTP/1.1" 200 -
127.0.0.1 - - [31/May/2026 13:55:29] "POST /speak HTTP/1.1" 200 -
/Users/philipyeo/jarvis/venv/lib/python3.14/site-packages/whisper/transcribe.py:132: UserWarning: FP16 is not supported on CPU; using FP32 instead
  warnings.warn("FP16 is not supported on CPU; using FP32 instead")
127.0.0.1 - - [31/May/2026 13:55:34] "POST /transcribe HTTP/1.1" 200 -
127.0.0.1 - - [31/May/2026 13:55:42] "OPTIONS /speak HTTP/1.1" 200 -
127.0.0.1 - - [31/May/2026 13:55:46] "POST /speak HTTP/1.1" 200 -
127.0.0.1 - - [31/May/2026 13:55:47] "OPTIONS /speak HTTP/1.1" 200 -
127.0.0.1 - - [31/May/2026 13:55:48] "OPTIONS /memory/save HTTP/1.1" 200 -
127.0.0.1 - - [31/May/2026 13:55:48] "POST /memory/save HTTP/1.1" 200 -
127.0.0.1 - - [31/May/2026 13:55:55] "POST /speak HTTP/1.1" 200 -
/Users/philipyeo/jarvis/venv/lib/python3.14/site-packages/whisper/transcribe.py:132: UserWarning: FP16 is not supported on CPU; using FP32 instead
  warnings.warn("FP16 is not supported on CPU; using FP32 instead")
127.0.0.1 - - [31/May/2026 13:56:07] "POST /transcribe HTTP/1.1" 200 -
127.0.0.1 - - [31/May/2026 13:56:18] "OPTIONS /speak HTTP/1.1" 200 -
/Users/philipyeo/jarvis/venv/lib/python3.14/site-packages/whisper/transcribe.py:132: UserWarning: FP16 is not supported on CPU; using FP32 instead
  warnings.warn("FP16 is not supported on CPU; using FP32 instead")
127.0.0.1 - - [31/May/2026 13:56:25] "OPTIONS /memory/save HTTP/1.1" 200 -
127.0.0.1 - - [31/May/2026 13:56:25] "POST /memory/save HTTP/1.1" 200 -
127.0.0.1 - - [31/May/2026 13:56:26] "POST /transcribe HTTP/1.1" 200 -
127.0.0.1 - - [31/May/2026 13:56:26] "POST /speak HTTP/1.1" 200 -
/Users/philipyeo/jarvis/venv/lib/python3.14/site-packages/whisper/transcribe.py:132: UserWarning: FP16 is not supported on CPU; using FP32 instead
  warnings.warn("FP16 is not supported on CPU; using FP32 instead")
127.0.0.1 - - [31/May/2026 13:56:33] "POST /transcribe HTTP/1.1" 200 -
127.0.0.1 - - [31/May/2026 13:56:46] "GET /memory/load HTTP/1.1" 200 -
/Users/philipyeo/jarvis/venv/lib/python3.14/site-packages/whisper/transcribe.py:132: UserWarning: FP16 is not supported on CPU; using FP32 instead
  warnings.warn("FP16 is not supported on CPU; using FP32 instead")
127.0.0.1 - - [31/May/2026 13:56:49] "OPTIONS /datetime HTTP/1.1" 200 -
127.0.0.1 - - [31/May/2026 13:56:49] "OPTIONS /calendar/upcoming HTTP/1.1" 200 -
127.0.0.1 - - [31/May/2026 13:56:49] "OPTIONS /gmail/count HTTP/1.1" 200 -
127.0.0.1 - - [31/May/2026 13:56:49] "OPTIONS /websearch HTTP/1.1" 200 -
127.0.0.1 - - [31/May/2026 13:56:49] "POST /datetime HTTP/1.1" 200 -
127.0.0.1 - - [31/May/2026 13:56:49] "POST /websearch HTTP/1.1" 200 -
127.0.0.1 - - [31/May/2026 13:56:50] "POST /calendar/upcoming HTTP/1.1" 200 -
127.0.0.1 - - [31/May/2026 13:56:50] "POST /gmail/count HTTP/1.1" 200 -
127.0.0.1 - - [31/May/2026 13:56:53] "POST /transcribe HTTP/1.1" 200 -
127.0.0.1 - - [31/May/2026 13:56:57] "OPTIONS /speak HTTP/1.1" 200 -
/Users/philipyeo/jarvis/venv/lib/python3.14/site-packages/whisper/transcribe.py:132: UserWarning: FP16 is not supported on CPU; using FP32 instead
  warnings.warn("FP16 is not supported on CPU; using FP32 instead")
127.0.0.1 - - [31/May/2026 13:56:58] "POST /transcribe HTTP/1.1" 200 -
127.0.0.1 - - [31/May/2026 13:56:59] "POST /speak HTTP/1.1" 200 -
127.0.0.1 - - [31/May/2026 13:56:59] "OPTIONS /speak HTTP/1.1" 200 -
127.0.0.1 - - [31/May/2026 13:57:00] "POST /speak HTTP/1.1" 200 -
127.0.0.1 - - [31/May/2026 13:57:04] "OPTIONS /speak HTTP/1.1" 200 -
127.0.0.1 - - [31/May/2026 13:57:05] "POST /speak HTTP/1.1" 200 -
/Users/philipyeo/jarvis/venv/lib/python3.14/site-packages/whisper/transcribe.py:132: UserWarning: FP16 is not supported on CPU; using FP32 instead
  warnings.warn("FP16 is not supported on CPU; using FP32 instead")
127.0.0.1 - - [31/May/2026 13:57:16] "POST /transcribe HTTP/1.1" 200 -
/Users/philipyeo/jarvis/venv/lib/python3.14/site-packages/whisper/transcribe.py:132: UserWarning: FP16 is not supported on CPU; using FP32 instead
  warnings.warn("FP16 is not supported on CPU; using FP32 instead")
127.0.0.1 - - [31/May/2026 13:57:45] "POST /transcribe HTTP/1.1" 200 -
/Users/philipyeo/jarvis/venv/lib/python3.14/site-packages/whisper/transcribe.py:132: UserWarning: FP16 is not supported on CPU; using FP32 instead
  warnings.warn("FP16 is not supported on CPU; using FP32 instead")
127.0.0.1 - - [31/May/2026 13:57:51] "POST /transcribe HTTP/1.1" 200 -
127.0.0.1 - - [31/May/2026 13:57:58] "OPTIONS /speak HTTP/1.1" 200 -
127.0.0.1 - - [31/May/2026 13:58:00] "POST /speak HTTP/1.1" 200 -
127.0.0.1 - - [31/May/2026 13:58:01] "OPTIONS /speak HTTP/1.1" 200 -
127.0.0.1 - - [31/May/2026 13:58:02] "OPTIONS /news HTTP/1.1" 200 -
127.0.0.1 - - [31/May/2026 13:58:02] "POST /news HTTP/1.1" 200 -
127.0.0.1 - - [31/May/2026 13:58:03] "POST /speak HTTP/1.1" 200 -
/Users/philipyeo/jarvis/venv/lib/python3.14/site-packages/whisper/transcribe.py:132: UserWarning: FP16 is not supported on CPU; using FP32 instead
  warnings.warn("FP16 is not supported on CPU; using FP32 instead")
127.0.0.1 - - [31/May/2026 13:58:12] "POST /transcribe HTTP/1.1" 200 -
127.0.0.1 - - [31/May/2026 13:58:17] "OPTIONS /speak HTTP/1.1" 200 -
127.0.0.1 - - [31/May/2026 13:58:18] "POST /speak HTTP/1.1" 200 -
127.0.0.1 - - [31/May/2026 13:58:18] "OPTIONS /speak HTTP/1.1" 200 -
127.0.0.1 - - [31/May/2026 13:58:19] "POST /speak HTTP/1.1" 200 -
127.0.0.1 - - [31/May/2026 13:58:23] "OPTIONS /speak HTTP/1.1" 200 -
127.0.0.1 - - [31/May/2026 13:58:24] "POST /speak HTTP/1.1" 200 -
/Users/philipyeo/jarvis/venv/lib/python3.14/site-packages/whisper/transcribe.py:132: UserWarning: FP16 is not supported on CPU; using FP32 instead
  warnings.warn("FP16 is not supported on CPU; using FP32 instead")
127.0.0.1 - - [31/May/2026 13:58:46] "POST /transcribe HTTP/1.1" 200 -
127.0.0.1 - - [31/May/2026 13:59:14] "GET /memory/load HTTP/1.1" 200 -
/Users/philipyeo/jarvis/venv/lib/python3.14/site-packages/whisper/transcribe.py:132: UserWarning: FP16 is not supported on CPU; using FP32 instead
  warnings.warn("FP16 is not supported on CPU; using FP32 instead")
127.0.0.1 - - [31/May/2026 13:59:17] "OPTIONS /datetime HTTP/1.1" 200 -
127.0.0.1 - - [31/May/2026 13:59:17] "OPTIONS /calendar/upcoming HTTP/1.1" 200 -
127.0.0.1 - - [31/May/2026 13:59:17] "OPTIONS /gmail/count HTTP/1.1" 200 -
127.0.0.1 - - [31/May/2026 13:59:17] "OPTIONS /websearch HTTP/1.1" 200 -
127.0.0.1 - - [31/May/2026 13:59:17] "POST /datetime HTTP/1.1" 200 -
127.0.0.1 - - [31/May/2026 13:59:17] "POST /websearch HTTP/1.1" 200 -
127.0.0.1 - - [31/May/2026 13:59:17] "POST /transcribe HTTP/1.1" 200 -
127.0.0.1 - - [31/May/2026 13:59:18] "POST /calendar/upcoming HTTP/1.1" 200 -
127.0.0.1 - - [31/May/2026 13:59:18] "POST /gmail/count HTTP/1.1" 200 -
127.0.0.1 - - [31/May/2026 13:59:22] "OPTIONS /speak HTTP/1.1" 200 -
/Users/philipyeo/jarvis/venv/lib/python3.14/site-packages/whisper/transcribe.py:132: UserWarning: FP16 is not supported on CPU; using FP32 instead
  warnings.warn("FP16 is not supported on CPU; using FP32 instead")
127.0.0.1 - - [31/May/2026 13:59:23] "POST /transcribe HTTP/1.1" 200 -
127.0.0.1 - - [31/May/2026 13:59:24] "POST /speak HTTP/1.1" 200 -
127.0.0.1 - - [31/May/2026 13:59:24] "OPTIONS /speak HTTP/1.1" 200 -
127.0.0.1 - - [31/May/2026 13:59:25] "POST /speak HTTP/1.1" 200 -
127.0.0.1 - - [31/May/2026 13:59:29] "OPTIONS /speak HTTP/1.1" 200 -
127.0.0.1 - - [31/May/2026 13:59:30] "POST /speak HTTP/1.1" 200 -
/Users/philipyeo/jarvis/venv/lib/python3.14/site-packages/whisper/transcribe.py:132: UserWarning: FP16 is not supported on CPU; using FP32 instead
  warnings.warn("FP16 is not supported on CPU; using FP32 instead")
127.0.0.1 - - [31/May/2026 13:59:44] "POST /transcribe HTTP/1.1" 200 -
/Users/philipyeo/jarvis/venv/lib/python3.14/site-packages/whisper/transcribe.py:132: UserWarning: FP16 is not supported on CPU; using FP32 instead
  warnings.warn("FP16 is not supported on CPU; using FP32 instead")
127.0.0.1 - - [31/May/2026 14:00:06] "[33mOPTIONS /calendar HTTP/1.1[0m" 404 -
127.0.0.1 - - [31/May/2026 14:00:06] "OPTIONS /speak HTTP/1.1" 200 -
127.0.0.1 - - [31/May/2026 14:00:07] "POST /transcribe HTTP/1.1" 200 -
127.0.0.1 - - [31/May/2026 14:00:09] "POST /speak HTTP/1.1" 200 -
127.0.0.1 - - [31/May/2026 14:00:09] "OPTIONS /speak HTTP/1.1" 200 -
127.0.0.1 - - [31/May/2026 14:00:10] "POST /speak HTTP/1.1" 200 -
/Users/philipyeo/jarvis/venv/lib/python3.14/site-packages/whisper/transcribe.py:132: UserWarning: FP16 is not supported on CPU; using FP32 instead
  warnings.warn("FP16 is not supported on CPU; using FP32 instead")
127.0.0.1 - - [31/May/2026 14:00:17] "POST /transcribe HTTP/1.1" 200 -
/Users/philipyeo/jarvis/venv/lib/python3.14/site-packages/whisper/transcribe.py:132: UserWarning: FP16 is not supported on CPU; using FP32 instead
  warnings.warn("FP16 is not supported on CPU; using FP32 instead")
127.0.0.1 - - [31/May/2026 14:00:30] "POST /transcribe HTTP/1.1" 200 -
/Library/Frameworks/Python.framework/Versions/3.14/lib/python3.14/multiprocessing/resource_tracker.py:396: UserWarning: resource_tracker: There appear to be 1 leaked semaphore objects to clean up at shutdown: {'/mp-3ydmoodx'}
  warnings.warn(
[31m[1mWARNING: This is a development server. Do not use it in a production deployment. Use a production WSGI server instead.[0m
 * Running on https://127.0.0.1:5001
[33mPress CTRL+C to quit[0m
127.0.0.1 - - [31/May/2026 14:01:13] "OPTIONS /calendar/upcoming HTTP/1.1" 200 -
127.0.0.1 - - [31/May/2026 14:01:38] "GET /memory/load HTTP/1.1" 200 -
127.0.0.1 - - [31/May/2026 14:01:41] "OPTIONS /datetime HTTP/1.1" 200 -
127.0.0.1 - - [31/May/2026 14:01:41] "OPTIONS /calendar/upcoming HTTP/1.1" 200 -
127.0.0.1 - - [31/May/2026 14:01:41] "OPTIONS /gmail/count HTTP/1.1" 200 -
127.0.0.1 - - [31/May/2026 14:01:41] "OPTIONS /websearch HTTP/1.1" 200 -
127.0.0.1 - - [31/May/2026 14:01:41] "POST /datetime HTTP/1.1" 200 -
127.0.0.1 - - [31/May/2026 14:01:42] "POST /websearch HTTP/1.1" 200 -
127.0.0.1 - - [31/May/2026 14:01:45] "POST /calendar/upcoming HTTP/1.1" 200 -
127.0.0.1 - - [31/May/2026 14:01:45] "POST /gmail/count HTTP/1.1" 200 -
/Users/philipyeo/jarvis/venv/lib/python3.14/site-packages/whisper/transcribe.py:132: UserWarning: FP16 is not supported on CPU; using FP32 instead
  warnings.warn("FP16 is not supported on CPU; using FP32 instead")
127.0.0.1 - - [31/May/2026 14:01:50] "POST /transcribe HTTP/1.1" 200 -
127.0.0.1 - - [31/May/2026 14:01:52] "OPTIONS /speak HTTP/1.1" 200 -
/Users/philipyeo/jarvis/venv/lib/python3.14/site-packages/whisper/transcribe.py:132: UserWarning: FP16 is not supported on CPU; using FP32 instead
  warnings.warn("FP16 is not supported on CPU; using FP32 instead")
127.0.0.1 - - [31/May/2026 14:01:55] "POST /speak HTTP/1.1" 200 -
127.0.0.1 - - [31/May/2026 14:01:55] "OPTIONS /speak HTTP/1.1" 200 -
127.0.0.1 - - [31/May/2026 14:01:56] "POST /transcribe HTTP/1.1" 200 -
127.0.0.1 - - [31/May/2026 14:01:57] "POST /speak HTTP/1.1" 200 -
/Users/philipyeo/jarvis/venv/lib/python3.14/site-packages/whisper/transcribe.py:132: UserWarning: FP16 is not supported on CPU; using FP32 instead
  warnings.warn("FP16 is not supported on CPU; using FP32 instead")
127.0.0.1 - - [31/May/2026 14:02:02] "POST /transcribe HTTP/1.1" 200 -
127.0.0.1 - - [31/May/2026 14:02:12] "OPTIONS /speak HTTP/1.1" 200 -
127.0.0.1 - - [31/May/2026 14:02:15] "POST /speak HTTP/1.1" 200 -
127.0.0.1 - - [31/May/2026 14:02:15] "OPTIONS /speak HTTP/1.1" 200 -
127.0.0.1 - - [31/May/2026 14:02:17] "POST /speak HTTP/1.1" 200 -
127.0.0.1 - - [31/May/2026 14:02:18] "OPTIONS /memory/save HTTP/1.1" 200 -
127.0.0.1 - - [31/May/2026 14:02:18] "POST /memory/save HTTP/1.1" 200 -
/Users/philipyeo/jarvis/venv/lib/python3.14/site-packages/whisper/transcribe.py:132: UserWarning: FP16 is not supported on CPU; using FP32 instead
  warnings.warn("FP16 is not supported on CPU; using FP32 instead")
127.0.0.1 - - [31/May/2026 14:02:28] "OPTIONS /datetime HTTP/1.1" 200 -
127.0.0.1 - - [31/May/2026 14:02:28] "POST /datetime HTTP/1.1" 200 -
127.0.0.1 - - [31/May/2026 14:02:28] "OPTIONS /speak HTTP/1.1" 200 -
127.0.0.1 - - [31/May/2026 14:02:29] "POST /transcribe HTTP/1.1" 200 -
127.0.0.1 - - [31/May/2026 14:02:29] "POST /speak HTTP/1.1" 200 -
/Users/philipyeo/jarvis/venv/lib/python3.14/site-packages/whisper/transcribe.py:132: UserWarning: FP16 is not supported on CPU; using FP32 instead
  warnings.warn("FP16 is not supported on CPU; using FP32 instead")
127.0.0.1 - - [31/May/2026 14:02:37] "POST /transcribe HTTP/1.1" 200 -
/Users/philipyeo/jarvis/venv/lib/python3.14/site-packages/whisper/transcribe.py:132: UserWarning: FP16 is not supported on CPU; using FP32 instead
  warnings.warn("FP16 is not supported on CPU; using FP32 instead")
127.0.0.1 - - [31/May/2026 14:02:42] "POST /transcribe HTTP/1.1" 200 -
127.0.0.1 - - [31/May/2026 14:05:00] "GET /memory/load HTTP/1.1" 200 -
/Users/philipyeo/jarvis/venv/lib/python3.14/site-packages/whisper/transcribe.py:132: UserWarning: FP16 is not supported on CPU; using FP32 instead
  warnings.warn("FP16 is not supported on CPU; using FP32 instead")
/Users/philipyeo/jarvis/venv/lib/python3.14/site-packages/whisper/transcribe.py:132: UserWarning: FP16 is not supported on CPU; using FP32 instead
  warnings.warn("FP16 is not supported on CPU; using FP32 instead")
127.0.0.1 - - [31/May/2026 14:05:03] "OPTIONS /datetime HTTP/1.1" 200 -
127.0.0.1 - - [31/May/2026 14:05:03] "OPTIONS /calendar/upcoming HTTP/1.1" 200 -
127.0.0.1 - - [31/May/2026 14:05:03] "OPTIONS /gmail/count HTTP/1.1" 200 -
127.0.0.1 - - [31/May/2026 14:05:03] "OPTIONS /websearch HTTP/1.1" 200 -
127.0.0.1 - - [31/May/2026 14:05:03] "POST /datetime HTTP/1.1" 200 -
127.0.0.1 - - [31/May/2026 14:05:04] "POST /websearch HTTP/1.1" 200 -
127.0.0.1 - - [31/May/2026 14:05:04] "POST /calendar/upcoming HTTP/1.1" 200 -
127.0.0.1 - - [31/May/2026 14:05:04] "POST /gmail/count HTTP/1.1" 200 -
127.0.0.1 - - [31/May/2026 14:05:07] "POST /transcribe HTTP/1.1" 200 -
127.0.0.1 - - [31/May/2026 14:05:09] "OPTIONS /speak HTTP/1.1" 200 -
/Users/philipyeo/jarvis/venv/lib/python3.14/site-packages/whisper/transcribe.py:132: UserWarning: FP16 is not supported on CPU; using FP32 instead
  warnings.warn("FP16 is not supported on CPU; using FP32 instead")
[2026-05-31 14:05:11,568] ERROR in app: Exception on /transcribe [POST]
Traceback (most recent call last):
  File "/Users/philipyeo/jarvis/venv/lib/python3.14/site-packages/flask/app.py", line 1511, in wsgi_app
    response = self.full_dispatch_request()
  File "/Users/philipyeo/jarvis/venv/lib/python3.14/site-packages/flask/app.py", line 919, in full_dispatch_request
    rv = self.handle_user_exception(e)
  File "/Users/philipyeo/jarvis/venv/lib/python3.14/site-packages/flask_cors/extension.py", line 176, in wrapped_function
    return cors_after_request(app.make_response(f(*args, **kwargs)))
                                                ~^^^^^^^^^^^^^^^^^
  File "/Users/philipyeo/jarvis/venv/lib/python3.14/site-packages/flask/app.py", line 917, in full_dispatch_request
    rv = self.dispatch_request()
  File "/Users/philipyeo/jarvis/venv/lib/python3.14/site-packages/flask/app.py", line 902, in dispatch_request
    return self.ensure_sync(self.view_functions[rule.endpoint])(**view_args)  # type: ignore[no-any-return]
           ~~~~~~~~~~~~~~~~~~~~~~~~~~~~~~~~~~~~~~~~~~~~~~~~~~~~^^^^^^^^^^^^^
  File "/Users/philipyeo/jarvis/server.py", line 600, in transcribe
    result = model.transcribe(wav_path)
  File "/Users/philipyeo/jarvis/venv/lib/python3.14/site-packages/whisper/transcribe.py", line 295, in transcribe
    result: DecodingResult = decode_with_fallback(mel_segment)
                             ~~~~~~~~~~~~~~~~~~~~^^^^^^^^^^^^^
  File "/Users/philipyeo/jarvis/venv/lib/python3.14/site-packages/whisper/transcribe.py", line 201, in decode_with_fallback
    decode_result = model.decode(segment, options)
  File "/Users/philipyeo/jarvis/venv/lib/python3.14/site-packages/torch/utils/_contextlib.py", line 124, in decorate_context
    return func(*args, **kwargs)
  File "/Users/philipyeo/jarvis/venv/lib/python3.14/site-packages/whisper/decoding.py", line 824, in decode
    result = DecodingTask(model, options).run(mel)
  File "/Users/philipyeo/jarvis/venv/lib/python3.14/site-packages/torch/utils/_contextlib.py", line 124, in decorate_context
    return func(*args, **kwargs)
  File "/Users/philipyeo/jarvis/venv/lib/python3.14/site-packages/whisper/decoding.py", line 737, in run
    tokens, sum_logprobs, no_speech_probs = self._main_loop(audio_features, tokens)
                                            ~~~~~~~~~~~~~~~^^^^^^^^^^^^^^^^^^^^^^^^
  File "/Users/philipyeo/jarvis/venv/lib/python3.14/site-packages/whisper/decoding.py", line 687, in _main_loop
    logits = self.inference.logits(tokens, audio_features)
  File "/Users/philipyeo/jarvis/venv/lib/python3.14/site-packages/whisper/decoding.py", line 163, in logits
    return self.model.decoder(tokens, audio_features, kv_cache=self.kv_cache)
           ~~~~~~~~~~~~~~~~~~^^^^^^^^^^^^^^^^^^^^^^^^^^^^^^^^^^^^^^^^^^^^^^^^
  File "/Users/philipyeo/jarvis/venv/lib/python3.14/site-packages/torch/nn/modules/module.py", line 1778, in _wrapped_call_impl
    return self._call_impl(*args, **kwargs)
           ~~~~~~~~~~~~~~~^^^^^^^^^^^^^^^^^
  File "/Users/philipyeo/jarvis/venv/lib/python3.14/site-packages/torch/nn/modules/module.py", line 1789, in _call_impl
    return forward_call(*args, **kwargs)
  File "/Users/philipyeo/jarvis/venv/lib/python3.14/site-packages/whisper/model.py", line 242, in forward
    x = block(x, xa, mask=self.mask, kv_cache=kv_cache)
  File "/Users/philipyeo/jarvis/venv/lib/python3.14/site-packages/torch/nn/modules/module.py", line 1778, in _wrapped_call_impl
    return self._call_impl(*args, **kwargs)
           ~~~~~~~~~~~~~~~^^^^^^^^^^^^^^^^^
  File "/Users/philipyeo/jarvis/venv/lib/python3.14/site-packages/torch/nn/modules/module.py", line 1789, in _call_impl
    return forward_call(*args, **kwargs)
  File "/Users/philipyeo/jarvis/venv/lib/python3.14/site-packages/whisper/model.py", line 167, in forward
    x = x + self.attn(self.attn_ln(x), mask=mask, kv_cache=kv_cache)[0]
            ~~~~~~~~~^^^^^^^^^^^^^^^^^^^^^^^^^^^^^^^^^^^^^^^^^^^^^^^
  File "/Users/philipyeo/jarvis/venv/lib/python3.14/site-packages/torch/nn/modules/module.py", line 1778, in _wrapped_call_impl
    return self._call_impl(*args, **kwargs)
           ~~~~~~~~~~~~~~~^^^^^^^^^^^^^^^^^
  File "/Users/philipyeo/jarvis/venv/lib/python3.14/site-packages/torch/nn/modules/module.py", line 1789, in _call_impl
    return forward_call(*args, **kwargs)
  File "/Users/philipyeo/jarvis/venv/lib/python3.14/site-packages/whisper/model.py", line 111, in forward
    wv, qk = self.qkv_attention(q, k, v, mask)
             ~~~~~~~~~~~~~~~~~~^^^^^^^^^^^^^^^
  File "/Users/philipyeo/jarvis/venv/lib/python3.14/site-packages/whisper/model.py", line 119, in qkv_attention
    q = q.view(*q.shape[:2], self.n_head, -1).permute(0, 2, 1, 3)
        ~~~~~~^^^^^^^^^^^^^^^^^^^^^^^^^^^^^^^
RuntimeError: cannot reshape tensor of 0 elements into shape [1, 0, 8, -1] because the unspecified dimension size -1 can be any value and is ambiguous
127.0.0.1 - - [31/May/2026 14:05:11] "[35m[1mPOST /transcribe HTTP/1.1[0m" 500 -
127.0.0.1 - - [31/May/2026 14:05:15] "POST /speak HTTP/1.1" 200 -
/Users/philipyeo/jarvis/venv/lib/python3.14/site-packages/whisper/transcribe.py:132: UserWarning: FP16 is not supported on CPU; using FP32 instead
  warnings.warn("FP16 is not supported on CPU; using FP32 instead")
[2026-05-31 14:05:38,161] ERROR in app: Exception on /transcribe [POST]
Traceback (most recent call last):
  File "/Users/philipyeo/jarvis/venv/lib/python3.14/site-packages/flask/app.py", line 1511, in wsgi_app
    response = self.full_dispatch_request()
  File "/Users/philipyeo/jarvis/venv/lib/python3.14/site-packages/flask/app.py", line 919, in full_dispatch_request
    rv = self.handle_user_exception(e)
  File "/Users/philipyeo/jarvis/venv/lib/python3.14/site-packages/flask_cors/extension.py", line 176, in wrapped_function
    return cors_after_request(app.make_response(f(*args, **kwargs)))
                                                ~^^^^^^^^^^^^^^^^^
  File "/Users/philipyeo/jarvis/venv/lib/python3.14/site-packages/flask/app.py", line 917, in full_dispatch_request
    rv = self.dispatch_request()
  File "/Users/philipyeo/jarvis/venv/lib/python3.14/site-packages/flask/app.py", line 902, in dispatch_request
    return self.ensure_sync(self.view_functions[rule.endpoint])(**view_args)  # type: ignore[no-any-return]
           ~~~~~~~~~~~~~~~~~~~~~~~~~~~~~~~~~~~~~~~~~~~~~~~~~~~~^^^^^^^^^^^^^
  File "/Users/philipyeo/jarvis/server.py", line 600, in transcribe
    result = model.transcribe(wav_path)
  File "/Users/philipyeo/jarvis/venv/lib/python3.14/site-packages/whisper/transcribe.py", line 295, in transcribe
    result: DecodingResult = decode_with_fallback(mel_segment)
                             ~~~~~~~~~~~~~~~~~~~~^^^^^^^^^^^^^
  File "/Users/philipyeo/jarvis/venv/lib/python3.14/site-packages/whisper/transcribe.py", line 201, in decode_with_fallback
    decode_result = model.decode(segment, options)
  File "/Users/philipyeo/jarvis/venv/lib/python3.14/site-packages/torch/utils/_contextlib.py", line 124, in decorate_context
    return func(*args, **kwargs)
  File "/Users/philipyeo/jarvis/venv/lib/python3.14/site-packages/whisper/decoding.py", line 824, in decode
    result = DecodingTask(model, options).run(mel)
  File "/Users/philipyeo/jarvis/venv/lib/python3.14/site-packages/torch/utils/_contextlib.py", line 124, in decorate_context
    return func(*args, **kwargs)
  File "/Users/philipyeo/jarvis/venv/lib/python3.14/site-packages/whisper/decoding.py", line 737, in run
    tokens, sum_logprobs, no_speech_probs = self._main_loop(audio_features, tokens)
                                            ~~~~~~~~~~~~~~~^^^^^^^^^^^^^^^^^^^^^^^^
  File "/Users/philipyeo/jarvis/venv/lib/python3.14/site-packages/whisper/decoding.py", line 687, in _main_loop
    logits = self.inference.logits(tokens, audio_features)
  File "/Users/philipyeo/jarvis/venv/lib/python3.14/site-packages/whisper/decoding.py", line 163, in logits
    return self.model.decoder(tokens, audio_features, kv_cache=self.kv_cache)
           ~~~~~~~~~~~~~~~~~~^^^^^^^^^^^^^^^^^^^^^^^^^^^^^^^^^^^^^^^^^^^^^^^^
  File "/Users/philipyeo/jarvis/venv/lib/python3.14/site-packages/torch/nn/modules/module.py", line 1778, in _wrapped_call_impl
    return self._call_impl(*args, **kwargs)
           ~~~~~~~~~~~~~~~^^^^^^^^^^^^^^^^^
  File "/Users/philipyeo/jarvis/venv/lib/python3.14/site-packages/torch/nn/modules/module.py", line 1789, in _call_impl
    return forward_call(*args, **kwargs)
  File "/Users/philipyeo/jarvis/venv/lib/python3.14/site-packages/whisper/model.py", line 242, in forward
    x = block(x, xa, mask=self.mask, kv_cache=kv_cache)
  File "/Users/philipyeo/jarvis/venv/lib/python3.14/site-packages/torch/nn/modules/module.py", line 1778, in _wrapped_call_impl
    return self._call_impl(*args, **kwargs)
           ~~~~~~~~~~~~~~~^^^^^^^^^^^^^^^^^
  File "/Users/philipyeo/jarvis/venv/lib/python3.14/site-packages/torch/nn/modules/module.py", line 1789, in _call_impl
    return forward_call(*args, **kwargs)
  File "/Users/philipyeo/jarvis/venv/lib/python3.14/site-packages/whisper/model.py", line 167, in forward
    x = x + self.attn(self.attn_ln(x), mask=mask, kv_cache=kv_cache)[0]
            ~~~~~~~~~^^^^^^^^^^^^^^^^^^^^^^^^^^^^^^^^^^^^^^^^^^^^^^^
  File "/Users/philipyeo/jarvis/venv/lib/python3.14/site-packages/torch/nn/modules/module.py", line 1778, in _wrapped_call_impl
    return self._call_impl(*args, **kwargs)
           ~~~~~~~~~~~~~~~^^^^^^^^^^^^^^^^^
  File "/Users/philipyeo/jarvis/venv/lib/python3.14/site-packages/torch/nn/modules/module.py", line 1789, in _call_impl
    return forward_call(*args, **kwargs)
  File "/Users/philipyeo/jarvis/venv/lib/python3.14/site-packages/whisper/model.py", line 111, in forward
    wv, qk = self.qkv_attention(q, k, v, mask)
             ~~~~~~~~~~~~~~~~~~^^^^^^^^^^^^^^^
  File "/Users/philipyeo/jarvis/venv/lib/python3.14/site-packages/whisper/model.py", line 119, in qkv_attention
    q = q.view(*q.shape[:2], self.n_head, -1).permute(0, 2, 1, 3)
        ~~~~~~^^^^^^^^^^^^^^^^^^^^^^^^^^^^^^^
RuntimeError: cannot reshape tensor of 0 elements into shape [1, 0, 8, -1] because the unspecified dimension size -1 can be any value and is ambiguous
127.0.0.1 - - [31/May/2026 14:05:38] "[35m[1mPOST /transcribe HTTP/1.1[0m" 500 -
127.0.0.1 - - [31/May/2026 14:05:39] "OPTIONS /calendar/create HTTP/1.1" 200 -
127.0.0.1 - - [31/May/2026 14:05:41] "POST /calendar/create HTTP/1.1" 200 -
127.0.0.1 - - [31/May/2026 14:05:41] "OPTIONS /speak HTTP/1.1" 200 -
127.0.0.1 - - [31/May/2026 14:05:43] "POST /speak HTTP/1.1" 200 -
127.0.0.1 - - [31/May/2026 14:05:46] "POST /transcribe HTTP/1.1" 200 -
/Users/philipyeo/jarvis/venv/lib/python3.14/site-packages/whisper/transcribe.py:132: UserWarning: FP16 is not supported on CPU; using FP32 instead
  warnings.warn("FP16 is not supported on CPU; using FP32 instead")
127.0.0.1 - - [31/May/2026 14:05:48] "POST /transcribe HTTP/1.1" 200 -
/Users/philipyeo/jarvis/venv/lib/python3.14/site-packages/whisper/transcribe.py:132: UserWarning: FP16 is not supported on CPU; using FP32 instead
  warnings.warn("FP16 is not supported on CPU; using FP32 instead")
127.0.0.1 - - [31/May/2026 14:06:24] "POST /transcribe HTTP/1.1" 200 -
/Library/Frameworks/Python.framework/Versions/3.14/lib/python3.14/multiprocessing/resource_tracker.py:396: UserWarning: resource_tracker: There appear to be 1 leaked semaphore objects to clean up at shutdown: {'/mp-lqzsj1le'}
  warnings.warn(
[31m[1mWARNING: This is a development server. Do not use it in a production deployment. Use a production WSGI server instead.[0m
 * Running on https://127.0.0.1:5001
[33mPress CTRL+C to quit[0m
[31m[1mWARNING: This is a development server. Do not use it in a production deployment. Use a production WSGI server instead.[0m
 * Running on https://127.0.0.1:5001
[33mPress CTRL+C to quit[0m
/Users/philipyeo/jarvis/venv/lib/python3.14/site-packages/whisper/transcribe.py:132: UserWarning: FP16 is not supported on CPU; using FP32 instead
  warnings.warn("FP16 is not supported on CPU; using FP32 instead")
127.0.0.1 - - [31/May/2026 14:08:29] "POST /transcribe HTTP/1.1" 200 -
/Library/Frameworks/Python.framework/Versions/3.14/lib/python3.14/multiprocessing/resource_tracker.py:396: UserWarning: resource_tracker: There appear to be 1 leaked semaphore objects to clean up at shutdown: {'/mp-zezsd536'}
  warnings.warn(
[31m[1mWARNING: This is a development server. Do not use it in a production deployment. Use a production WSGI server instead.[0m
 * Running on https://127.0.0.1:5001
[33mPress CTRL+C to quit[0m
127.0.0.1 - - [31/May/2026 14:11:47] "GET /memory/load HTTP/1.1" 200 -
127.0.0.1 - - [31/May/2026 14:11:50] "OPTIONS /datetime HTTP/1.1" 200 -
127.0.0.1 - - [31/May/2026 14:11:50] "OPTIONS /calendar/upcoming HTTP/1.1" 200 -
127.0.0.1 - - [31/May/2026 14:11:50] "OPTIONS /gmail/count HTTP/1.1" 200 -
127.0.0.1 - - [31/May/2026 14:11:50] "OPTIONS /websearch HTTP/1.1" 200 -
127.0.0.1 - - [31/May/2026 14:11:50] "POST /datetime HTTP/1.1" 200 -
127.0.0.1 - - [31/May/2026 14:11:50] "POST /websearch HTTP/1.1" 200 -
127.0.0.1 - - [31/May/2026 14:11:51] "POST /calendar/upcoming HTTP/1.1" 200 -
127.0.0.1 - - [31/May/2026 14:11:51] "POST /gmail/count HTTP/1.1" 200 -
/Users/philipyeo/jarvis/venv/lib/python3.14/site-packages/whisper/transcribe.py:132: UserWarning: FP16 is not supported on CPU; using FP32 instead
  warnings.warn("FP16 is not supported on CPU; using FP32 instead")
Python(29298) MallocStackLogging: can't turn off malloc stack logging because it was not enabled.
127.0.0.1 - - [31/May/2026 14:12:04] "OPTIONS /speak HTTP/1.1" 200 -
Python(29300) MallocStackLogging: can't turn off malloc stack logging because it was not enabled.
Python(29302) MallocStackLogging: can't turn off malloc stack logging because it was not enabled.
127.0.0.1 - - [31/May/2026 14:12:05] "POST /transcribe HTTP/1.1" 200 -
Python(29315) MallocStackLogging: can't turn off malloc stack logging because it was not enabled.
127.0.0.1 - - [31/May/2026 14:12:09] "POST /speak HTTP/1.1" 200 -
127.0.0.1 - - [31/May/2026 14:12:09] "OPTIONS /speak HTTP/1.1" 200 -
Python(29316) MallocStackLogging: can't turn off malloc stack logging because it was not enabled.
Python(29321) MallocStackLogging: can't turn off malloc stack logging because it was not enabled.
127.0.0.1 - - [31/May/2026 14:12:10] "POST /speak HTTP/1.1" 200 -
127.0.0.1 - - [31/May/2026 14:12:11] "OPTIONS /speak HTTP/1.1" 200 -
Python(29322) MallocStackLogging: can't turn off malloc stack logging because it was not enabled.
Python(29327) MallocStackLogging: can't turn off malloc stack logging because it was not enabled.
127.0.0.1 - - [31/May/2026 14:12:12] "POST /speak HTTP/1.1" 200 -
Python(29337) MallocStackLogging: can't turn off malloc stack logging because it was not enabled.
/Users/philipyeo/jarvis/venv/lib/python3.14/site-packages/whisper/transcribe.py:132: UserWarning: FP16 is not supported on CPU; using FP32 instead
  warnings.warn("FP16 is not supported on CPU; using FP32 instead")
Python(29338) MallocStackLogging: can't turn off malloc stack logging because it was not enabled.
127.0.0.1 - - [31/May/2026 14:12:29] "POST /transcribe HTTP/1.1" 200 -
127.0.0.1 - - [31/May/2026 14:12:34] "OPTIONS /gmail/triage HTTP/1.1" 200 -
Python(29357) MallocStackLogging: can't turn off malloc stack logging because it was not enabled.
/Users/philipyeo/jarvis/venv/lib/python3.14/site-packages/whisper/transcribe.py:132: UserWarning: FP16 is not supported on CPU; using FP32 instead
  warnings.warn("FP16 is not supported on CPU; using FP32 instead")
Python(29358) MallocStackLogging: can't turn off malloc stack logging because it was not enabled.
127.0.0.1 - - [31/May/2026 14:12:38] "POST /transcribe HTTP/1.1" 200 -
127.0.0.1 - - [31/May/2026 14:12:40] "POST /gmail/triage HTTP/1.1" 200 -
127.0.0.1 - - [31/May/2026 14:12:40] "OPTIONS /speak HTTP/1.1" 200 -
Python(29359) MallocStackLogging: can't turn off malloc stack logging because it was not enabled.
127.0.0.1 - - [31/May/2026 14:12:40] "OPTIONS /gmail/delete HTTP/1.1" 200 -
127.0.0.1 - - [31/May/2026 14:12:41] "POST /gmail/delete HTTP/1.1" 200 -
Python(29364) MallocStackLogging: can't turn off malloc stack logging because it was not enabled.
127.0.0.1 - - [31/May/2026 14:12:42] "POST /speak HTTP/1.1" 200 -
127.0.0.1 - - [31/May/2026 14:12:42] "OPTIONS /speak HTTP/1.1" 200 -
Python(29365) MallocStackLogging: can't turn off malloc stack logging because it was not enabled.
127.0.0.1 - - [31/May/2026 14:12:42] "OPTIONS /gmail/delete HTTP/1.1" 200 -
Python(29370) MallocStackLogging: can't turn off malloc stack logging because it was not enabled.
127.0.0.1 - - [31/May/2026 14:12:43] "POST /speak HTTP/1.1" 200 -
127.0.0.1 - - [31/May/2026 14:12:43] "POST /gmail/delete HTTP/1.1" 200 -
127.0.0.1 - - [31/May/2026 14:12:44] "OPTIONS /gmail/delete HTTP/1.1" 200 -
127.0.0.1 - - [31/May/2026 14:12:44] "POST /gmail/delete HTTP/1.1" 200 -
127.0.0.1 - - [31/May/2026 14:12:46] "OPTIONS /gmail/delete HTTP/1.1" 200 -
127.0.0.1 - - [31/May/2026 14:12:46] "POST /gmail/delete HTTP/1.1" 200 -
127.0.0.1 - - [31/May/2026 14:12:47] "OPTIONS /gmail/delete HTTP/1.1" 200 -
127.0.0.1 - - [31/May/2026 14:12:47] "POST /gmail/delete HTTP/1.1" 200 -
127.0.0.1 - - [31/May/2026 14:12:52] "OPTIONS /gmail/delete HTTP/1.1" 200 -
127.0.0.1 - - [31/May/2026 14:12:53] "POST /gmail/delete HTTP/1.1" 200 -
127.0.0.1 - - [31/May/2026 14:13:02] "OPTIONS /gmail/delete HTTP/1.1" 200 -
127.0.0.1 - - [31/May/2026 14:13:03] "POST /gmail/delete HTTP/1.1" 200 -
127.0.0.1 - - [31/May/2026 14:13:03] "OPTIONS /gmail/delete HTTP/1.1" 200 -
127.0.0.1 - - [31/May/2026 14:13:04] "POST /gmail/delete HTTP/1.1" 200 -
127.0.0.1 - - [31/May/2026 14:13:06] "OPTIONS /speak HTTP/1.1" 200 -
Python(29375) MallocStackLogging: can't turn off malloc stack logging because it was not enabled.
Python(29380) MallocStackLogging: can't turn off malloc stack logging because it was not enabled.
127.0.0.1 - - [31/May/2026 14:13:09] "POST /speak HTTP/1.1" 200 -
127.0.0.1 - - [31/May/2026 14:13:09] "OPTIONS /speak HTTP/1.1" 200 -
Python(29381) MallocStackLogging: can't turn off malloc stack logging because it was not enabled.
Python(29386) MallocStackLogging: can't turn off malloc stack logging because it was not enabled.
127.0.0.1 - - [31/May/2026 14:13:10] "POST /speak HTTP/1.1" 200 -
127.0.0.1 - - [31/May/2026 14:13:10] "OPTIONS /speak HTTP/1.1" 200 -
Python(29387) MallocStackLogging: can't turn off malloc stack logging because it was not enabled.
Python(29392) MallocStackLogging: can't turn off malloc stack logging because it was not enabled.
127.0.0.1 - - [31/May/2026 14:13:11] "POST /speak HTTP/1.1" 200 -
127.0.0.1 - - [31/May/2026 14:13:12] "OPTIONS /speak HTTP/1.1" 200 -
Python(29393) MallocStackLogging: can't turn off malloc stack logging because it was not enabled.
Python(29398) MallocStackLogging: can't turn off malloc stack logging because it was not enabled.
127.0.0.1 - - [31/May/2026 14:13:13] "POST /speak HTTP/1.1" 200 -
127.0.0.1 - - [31/May/2026 14:13:16] "OPTIONS /speak HTTP/1.1" 200 -
Python(29400) MallocStackLogging: can't turn off malloc stack logging because it was not enabled.
Python(29405) MallocStackLogging: can't turn off malloc stack logging because it was not enabled.
127.0.0.1 - - [31/May/2026 14:13:17] "POST /speak HTTP/1.1" 200 -
127.0.0.1 - - [31/May/2026 14:13:23] "OPTIONS /speak HTTP/1.1" 200 -
Python(29406) MallocStackLogging: can't turn off malloc stack logging because it was not enabled.
Python(29411) MallocStackLogging: can't turn off malloc stack logging because it was not enabled.
127.0.0.1 - - [31/May/2026 14:13:24] "POST /speak HTTP/1.1" 200 -
127.0.0.1 - - [31/May/2026 14:13:32] "OPTIONS /speak HTTP/1.1" 200 -
Python(29413) MallocStackLogging: can't turn off malloc stack logging because it was not enabled.
Python(29418) MallocStackLogging: can't turn off malloc stack logging because it was not enabled.
127.0.0.1 - - [31/May/2026 14:13:33] "POST /speak HTTP/1.1" 200 -
127.0.0.1 - - [31/May/2026 14:13:44] "OPTIONS /speak HTTP/1.1" 200 -
Python(29437) MallocStackLogging: can't turn off malloc stack logging because it was not enabled.
Python(29446) MallocStackLogging: can't turn off malloc stack logging because it was not enabled.
127.0.0.1 - - [31/May/2026 14:13:49] "POST /speak HTTP/1.1" 200 -
127.0.0.1 - - [31/May/2026 14:13:57] "OPTIONS /speak HTTP/1.1" 200 -
Python(29491) MallocStackLogging: can't turn off malloc stack logging because it was not enabled.
Python(29515) MallocStackLogging: can't turn off malloc stack logging because it was not enabled.
127.0.0.1 - - [31/May/2026 14:14:05] "OPTIONS /open HTTP/1.1" 200 -
Python(29516) MallocStackLogging: can't turn off malloc stack logging because it was not enabled.
127.0.0.1 - - [31/May/2026 14:14:05] "POST /open HTTP/1.1" 200 -
127.0.0.1 - - [31/May/2026 14:14:05] "OPTIONS /speak HTTP/1.1" 200 -
Python(29517) MallocStackLogging: can't turn off malloc stack logging because it was not enabled.
Python(29518) MallocStackLogging: can't turn off malloc stack logging because it was not enabled.
127.0.0.1 - - [31/May/2026 14:14:05] "POST /speak HTTP/1.1" 200 -
/Users/philipyeo/jarvis/venv/lib/python3.14/site-packages/whisper/transcribe.py:132: UserWarning: FP16 is not supported on CPU; using FP32 instead
  warnings.warn("FP16 is not supported on CPU; using FP32 instead")
Python(29519) MallocStackLogging: can't turn off malloc stack logging because it was not enabled.
Python(29525) MallocStackLogging: can't turn off malloc stack logging because it was not enabled.
/Users/philipyeo/jarvis/venv/lib/python3.14/site-packages/whisper/transcribe.py:132: UserWarning: FP16 is not supported on CPU; using FP32 instead
  warnings.warn("FP16 is not supported on CPU; using FP32 instead")
Python(29527) MallocStackLogging: can't turn off malloc stack logging because it was not enabled.
Python(29534) MallocStackLogging: can't turn off malloc stack logging because it was not enabled.
127.0.0.1 - - [31/May/2026 14:14:12] "POST /speak HTTP/1.1" 200 -
127.0.0.1 - - [31/May/2026 14:14:25] "POST /transcribe HTTP/1.1" 200 -
127.0.0.1 - - [31/May/2026 14:14:27] "POST /transcribe HTTP/1.1" 200 -
Python(29984) MallocStackLogging: can't turn off malloc stack logging because it was not enabled.
/Users/philipyeo/jarvis/venv/lib/python3.14/site-packages/whisper/transcribe.py:132: UserWarning: FP16 is not supported on CPU; using FP32 instead
  warnings.warn("FP16 is not supported on CPU; using FP32 instead")
Python(29985) MallocStackLogging: can't turn off malloc stack logging because it was not enabled.
127.0.0.1 - - [31/May/2026 14:38:42] "POST /transcribe HTTP/1.1" 200 -
Python(31015) MallocStackLogging: can't turn off malloc stack logging because it was not enabled.
/Users/philipyeo/jarvis/venv/lib/python3.14/site-packages/whisper/transcribe.py:132: UserWarning: FP16 is not supported on CPU; using FP32 instead
  warnings.warn("FP16 is not supported on CPU; using FP32 instead")
Python(31020) MallocStackLogging: can't turn off malloc stack logging because it was not enabled.
127.0.0.1 - - [31/May/2026 15:35:14] "POST /transcribe HTTP/1.1" 200 -
Python(33390) MallocStackLogging: can't turn off malloc stack logging because it was not enabled.
/Users/philipyeo/jarvis/venv/lib/python3.14/site-packages/whisper/transcribe.py:132: UserWarning: FP16 is not supported on CPU; using FP32 instead
  warnings.warn("FP16 is not supported on CPU; using FP32 instead")
Python(33397) MallocStackLogging: can't turn off malloc stack logging because it was not enabled.
127.0.0.1 - - [31/May/2026 17:54:27] "POST /transcribe HTTP/1.1" 200 -
127.0.0.1 - - [31/May/2026 17:54:55] "OPTIONS /speak HTTP/1.1" 200 -
Python(33468) MallocStackLogging: can't turn off malloc stack logging because it was not enabled.
Python(33469) MallocStackLogging: can't turn off malloc stack logging because it was not enabled.
/Users/philipyeo/jarvis/venv/lib/python3.14/site-packages/whisper/transcribe.py:132: UserWarning: FP16 is not supported on CPU; using FP32 instead
  warnings.warn("FP16 is not supported on CPU; using FP32 instead")
Python(33475) MallocStackLogging: can't turn off malloc stack logging because it was not enabled.
Python(33494) MallocStackLogging: can't turn off malloc stack logging because it was not enabled.
127.0.0.1 - - [31/May/2026 17:55:03] "POST /speak HTTP/1.1" 200 -
127.0.0.1 - - [31/May/2026 17:55:03] "OPTIONS /speak HTTP/1.1" 200 -
Python(33495) MallocStackLogging: can't turn off malloc stack logging because it was not enabled.
Python(33500) MallocStackLogging: can't turn off malloc stack logging because it was not enabled.
127.0.0.1 - - [31/May/2026 17:55:06] "POST /speak HTTP/1.1" 200 -
Python(33501) MallocStackLogging: can't turn off malloc stack logging because it was not enabled.
Python(33506) MallocStackLogging: can't turn off malloc stack logging because it was not enabled.
127.0.0.1 - - [31/May/2026 17:55:09] "POST /speak HTTP/1.1" 200 -
127.0.0.1 - - [31/May/2026 17:55:11] "OPTIONS /memory/save HTTP/1.1" 200 -
127.0.0.1 - - [31/May/2026 17:55:11] "POST /memory/save HTTP/1.1" 200 -
127.0.0.1 - - [31/May/2026 17:55:18] "POST /transcribe HTTP/1.1" 200 -
127.0.0.1 - - [31/May/2026 17:55:20] "OPTIONS /speak HTTP/1.1" 200 -
Python(33508) MallocStackLogging: can't turn off malloc stack logging because it was not enabled.
Python(33514) MallocStackLogging: can't turn off malloc stack logging because it was not enabled.
127.0.0.1 - - [31/May/2026 17:55:22] "POST /speak HTTP/1.1" 200 -
Python(33543) MallocStackLogging: can't turn off malloc stack logging because it was not enabled.
/Users/philipyeo/jarvis/venv/lib/python3.14/site-packages/whisper/transcribe.py:132: UserWarning: FP16 is not supported on CPU; using FP32 instead
  warnings.warn("FP16 is not supported on CPU; using FP32 instead")
Python(33548) MallocStackLogging: can't turn off malloc stack logging because it was not enabled.
127.0.0.1 - - [31/May/2026 17:55:44] "POST /transcribe HTTP/1.1" 200 -
127.0.0.1 - - [31/May/2026 17:55:54] "OPTIONS /speak HTTP/1.1" 200 -
Python(33555) MallocStackLogging: can't turn off malloc stack logging because it was not enabled.
Python(33556) MallocStackLogging: can't turn off malloc stack logging because it was not enabled.
/Users/philipyeo/jarvis/venv/lib/python3.14/site-packages/whisper/transcribe.py:132: UserWarning: FP16 is not supported on CPU; using FP32 instead
  warnings.warn("FP16 is not supported on CPU; using FP32 instead")
Python(33557) MallocStackLogging: can't turn off malloc stack logging because it was not enabled.
Python(33562) MallocStackLogging: can't turn off malloc stack logging because it was not enabled.
127.0.0.1 - - [31/May/2026 17:55:57] "POST /speak HTTP/1.1" 200 -
Python(33563) MallocStackLogging: can't turn off malloc stack logging because it was not enabled.
Python(33568) MallocStackLogging: can't turn off malloc stack logging because it was not enabled.
127.0.0.1 - - [31/May/2026 17:55:59] "POST /speak HTTP/1.1" 200 -
Python(33573) MallocStackLogging: can't turn off malloc stack logging because it was not enabled.
/Users/philipyeo/jarvis/venv/lib/python3.14/site-packages/whisper/transcribe.py:132: UserWarning: FP16 is not supported on CPU; using FP32 instead
  warnings.warn("FP16 is not supported on CPU; using FP32 instead")
Python(33574) MallocStackLogging: can't turn off malloc stack logging because it was not enabled.
127.0.0.1 - - [31/May/2026 17:56:07] "OPTIONS /memory/save HTTP/1.1" 200 -
127.0.0.1 - - [31/May/2026 17:56:07] "POST /memory/save HTTP/1.1" 200 -
127.0.0.1 - - [31/May/2026 17:56:07] "POST /transcribe HTTP/1.1" 200 -
127.0.0.1 - - [31/May/2026 17:56:09] "POST /transcribe HTTP/1.1" 200 -
Python(34057) MallocStackLogging: can't turn off malloc stack logging because it was not enabled.
/Users/philipyeo/jarvis/venv/lib/python3.14/site-packages/whisper/transcribe.py:132: UserWarning: FP16 is not supported on CPU; using FP32 instead
  warnings.warn("FP16 is not supported on CPU; using FP32 instead")
Python(34058) MallocStackLogging: can't turn off malloc stack logging because it was not enabled.
/Library/Frameworks/Python.framework/Versions/3.14/lib/python3.14/multiprocessing/resource_tracker.py:396: UserWarning: resource_tracker: There appear to be 1 leaked semaphore objects to clean up at shutdown: {'/mp-vis4lo5i'}
  warnings.warn(
[31m[1mWARNING: This is a development server. Do not use it in a production deployment. Use a production WSGI server instead.[0m
 * Running on https://127.0.0.1:5001
[33mPress CTRL+C to quit[0m
127.0.0.1 - - [31/May/2026 18:31:35] "GET /memory/load HTTP/1.1" 200 -
127.0.0.1 - - [31/May/2026 18:31:38] "OPTIONS /datetime HTTP/1.1" 200 -
127.0.0.1 - - [31/May/2026 18:31:38] "OPTIONS /calendar/upcoming HTTP/1.1" 200 -
127.0.0.1 - - [31/May/2026 18:31:38] "OPTIONS /gmail/count HTTP/1.1" 200 -
127.0.0.1 - - [31/May/2026 18:31:38] "OPTIONS /websearch HTTP/1.1" 200 -
127.0.0.1 - - [31/May/2026 18:31:38] "POST /datetime HTTP/1.1" 200 -
127.0.0.1 - - [31/May/2026 18:31:38] "POST /websearch HTTP/1.1" 200 -
127.0.0.1 - - [31/May/2026 18:31:39] "POST /calendar/upcoming HTTP/1.1" 200 -
127.0.0.1 - - [31/May/2026 18:31:39] "POST /gmail/count HTTP/1.1" 200 -
/Users/philipyeo/jarvis/venv/lib/python3.14/site-packages/whisper/transcribe.py:132: UserWarning: FP16 is not supported on CPU; using FP32 instead
  warnings.warn("FP16 is not supported on CPU; using FP32 instead")
127.0.0.1 - - [31/May/2026 18:31:55] "OPTIONS /speak HTTP/1.1" 200 -
127.0.0.1 - - [31/May/2026 18:32:04] "POST /speak HTTP/1.1" 200 -
127.0.0.1 - - [31/May/2026 18:32:04] "OPTIONS /speak HTTP/1.1" 200 -
127.0.0.1 - - [31/May/2026 18:32:08] "POST /speak HTTP/1.1" 200 -
127.0.0.1 - - [31/May/2026 18:32:09] "OPTIONS /speak HTTP/1.1" 200 -
127.0.0.1 - - [31/May/2026 18:32:10] "POST /transcribe HTTP/1.1" 200 -
127.0.0.1 - - [31/May/2026 18:32:10] "POST /speak HTTP/1.1" 200 -
/Users/philipyeo/jarvis/venv/lib/python3.14/site-packages/whisper/transcribe.py:132: UserWarning: FP16 is not supported on CPU; using FP32 instead
  warnings.warn("FP16 is not supported on CPU; using FP32 instead")
/Users/philipyeo/jarvis/venv/lib/python3.14/site-packages/whisper/transcribe.py:132: UserWarning: FP16 is not supported on CPU; using FP32 instead
  warnings.warn("FP16 is not supported on CPU; using FP32 instead")
127.0.0.1 - - [31/May/2026 18:32:40] "[33mOPTIONS /calendar HTTP/1.1[0m" 404 -
127.0.0.1 - - [31/May/2026 18:32:40] "OPTIONS /speak HTTP/1.1" 200 -
127.0.0.1 - - [31/May/2026 18:32:41] "POST /transcribe HTTP/1.1" 200 -
/Users/philipyeo/jarvis/venv/lib/python3.14/site-packages/whisper/transcribe.py:132: UserWarning: FP16 is not supported on CPU; using FP32 instead
  warnings.warn("FP16 is not supported on CPU; using FP32 instead")
127.0.0.1 - - [31/May/2026 18:32:47] "POST /speak HTTP/1.1" 200 -
127.0.0.1 - - [31/May/2026 18:32:52] "OPTIONS /speak HTTP/1.1" 200 -
127.0.0.1 - - [31/May/2026 18:32:55] "POST /transcribe HTTP/1.1" 200 -
127.0.0.1 - - [31/May/2026 18:33:02] "POST /speak HTTP/1.1" 200 -
127.0.0.1 - - [31/May/2026 18:33:02] "OPTIONS /speak HTTP/1.1" 200 -
127.0.0.1 - - [31/May/2026 18:33:04] "POST /transcribe HTTP/1.1" 200 -
127.0.0.1 - - [31/May/2026 18:33:05] "POST /speak HTTP/1.1" 200 -
/Users/philipyeo/jarvis/venv/lib/python3.14/site-packages/whisper/transcribe.py:132: UserWarning: FP16 is not supported on CPU; using FP32 instead
  warnings.warn("FP16 is not supported on CPU; using FP32 instead")
127.0.0.1 - - [31/May/2026 18:33:15] "POST /transcribe HTTP/1.1" 200 -
127.0.0.1 - - [31/May/2026 18:33:23] "OPTIONS /speak HTTP/1.1" 200 -
127.0.0.1 - - [31/May/2026 18:33:26] "POST /speak HTTP/1.1" 200 -
/Users/philipyeo/jarvis/venv/lib/python3.14/site-packages/whisper/transcribe.py:132: UserWarning: FP16 is not supported on CPU; using FP32 instead
  warnings.warn("FP16 is not supported on CPU; using FP32 instead")
127.0.0.1 - - [31/May/2026 18:33:31] "POST /transcribe HTTP/1.1" 200 -
127.0.0.1 - - [31/May/2026 18:33:38] "OPTIONS /memory/save HTTP/1.1" 200 -
127.0.0.1 - - [31/May/2026 18:33:38] "POST /memory/save HTTP/1.1" 200 -
127.0.0.1 - - [31/May/2026 18:33:50] "OPTIONS /speak HTTP/1.1" 200 -
127.0.0.1 - - [31/May/2026 18:34:02] "OPTIONS /memory/save HTTP/1.1" 200 -
127.0.0.1 - - [31/May/2026 18:34:02] "POST /memory/save HTTP/1.1" 200 -
127.0.0.1 - - [31/May/2026 18:34:03] "POST /speak HTTP/1.1" 200 -
/Users/philipyeo/jarvis/venv/lib/python3.14/site-packages/whisper/transcribe.py:132: UserWarning: FP16 is not supported on CPU; using FP32 instead
  warnings.warn("FP16 is not supported on CPU; using FP32 instead")
127.0.0.1 - - [31/May/2026 18:34:13] "POST /transcribe HTTP/1.1" 200 -
127.0.0.1 - - [31/May/2026 18:35:48] "GET /memory/load HTTP/1.1" 200 -
127.0.0.1 - - [31/May/2026 18:35:51] "OPTIONS /datetime HTTP/1.1" 200 -
127.0.0.1 - - [31/May/2026 18:35:51] "OPTIONS /calendar/upcoming HTTP/1.1" 200 -
127.0.0.1 - - [31/May/2026 18:35:51] "OPTIONS /gmail/count HTTP/1.1" 200 -
127.0.0.1 - - [31/May/2026 18:35:51] "OPTIONS /websearch HTTP/1.1" 200 -
127.0.0.1 - - [31/May/2026 18:35:51] "POST /datetime HTTP/1.1" 200 -
127.0.0.1 - - [31/May/2026 18:35:51] "POST /websearch HTTP/1.1" 200 -
127.0.0.1 - - [31/May/2026 18:35:51] "POST /calendar/upcoming HTTP/1.1" 200 -
127.0.0.1 - - [31/May/2026 18:35:51] "POST /gmail/count HTTP/1.1" 200 -
127.0.0.1 - - [31/May/2026 18:35:54] "OPTIONS /speak HTTP/1.1" 200 -
/Users/philipyeo/jarvis/venv/lib/python3.14/site-packages/whisper/transcribe.py:132: UserWarning: FP16 is not supported on CPU; using FP32 instead
  warnings.warn("FP16 is not supported on CPU; using FP32 instead")
127.0.0.1 - - [31/May/2026 18:35:58] "POST /speak HTTP/1.1" 200 -
127.0.0.1 - - [31/May/2026 18:35:58] "OPTIONS /speak HTTP/1.1" 200 -
127.0.0.1 - - [31/May/2026 18:35:59] "POST /speak HTTP/1.1" 200 -
127.0.0.1 - - [31/May/2026 18:36:00] "OPTIONS /speak HTTP/1.1" 200 -
127.0.0.1 - - [31/May/2026 18:36:02] "POST /speak HTTP/1.1" 200 -
127.0.0.1 - - [31/May/2026 18:36:09] "POST /transcribe HTTP/1.1" 200 -
127.0.0.1 - - [31/May/2026 18:36:20] "OPTIONS /speak HTTP/1.1" 200 -
/Users/philipyeo/jarvis/venv/lib/python3.14/site-packages/whisper/transcribe.py:132: UserWarning: FP16 is not supported on CPU; using FP32 instead
  warnings.warn("FP16 is not supported on CPU; using FP32 instead")
127.0.0.1 - - [31/May/2026 18:36:25] "POST /speak HTTP/1.1" 200 -
127.0.0.1 - - [31/May/2026 18:36:25] "OPTIONS /speak HTTP/1.1" 200 -
127.0.0.1 - - [31/May/2026 18:36:30] "POST /speak HTTP/1.1" 200 -
127.0.0.1 - - [31/May/2026 18:36:34] "OPTIONS /memory/save HTTP/1.1" 200 -
127.0.0.1 - - [31/May/2026 18:36:34] "POST /memory/save HTTP/1.1" 200 -
127.0.0.1 - - [31/May/2026 18:36:39] "POST /transcribe HTTP/1.1" 200 -
127.0.0.1 - - [31/May/2026 18:36:43] "OPTIONS /calendar/create HTTP/1.1" 200 -
127.0.0.1 - - [31/May/2026 18:36:43] "POST /calendar/create HTTP/1.1" 200 -
127.0.0.1 - - [31/May/2026 18:36:43] "OPTIONS /speak HTTP/1.1" 200 -
/Users/philipyeo/jarvis/venv/lib/python3.14/site-packages/whisper/transcribe.py:132: UserWarning: FP16 is not supported on CPU; using FP32 instead
  warnings.warn("FP16 is not supported on CPU; using FP32 instead")
127.0.0.1 - - [31/May/2026 18:36:45] "POST /transcribe HTTP/1.1" 200 -
127.0.0.1 - - [31/May/2026 18:36:45] "POST /speak HTTP/1.1" 200 -
/Users/philipyeo/jarvis/venv/lib/python3.14/site-packages/whisper/transcribe.py:132: UserWarning: FP16 is not supported on CPU; using FP32 instead
  warnings.warn("FP16 is not supported on CPU; using FP32 instead")
127.0.0.1 - - [31/May/2026 18:37:00] "POST /transcribe HTTP/1.1" 200 -
127.0.0.1 - - [31/May/2026 18:38:43] "GET /memory/load HTTP/1.1" 200 -
127.0.0.1 - - [31/May/2026 18:38:46] "OPTIONS /datetime HTTP/1.1" 200 -
127.0.0.1 - - [31/May/2026 18:38:46] "OPTIONS /calendar/upcoming HTTP/1.1" 200 -
127.0.0.1 - - [31/May/2026 18:38:46] "OPTIONS /gmail/count HTTP/1.1" 200 -
127.0.0.1 - - [31/May/2026 18:38:46] "OPTIONS /websearch HTTP/1.1" 200 -
127.0.0.1 - - [31/May/2026 18:38:46] "POST /datetime HTTP/1.1" 200 -
127.0.0.1 - - [31/May/2026 18:38:46] "POST /websearch HTTP/1.1" 200 -
127.0.0.1 - - [31/May/2026 18:38:47] "POST /calendar/upcoming HTTP/1.1" 200 -
127.0.0.1 - - [31/May/2026 18:38:47] "POST /gmail/count HTTP/1.1" 200 -
127.0.0.1 - - [31/May/2026 18:38:51] "OPTIONS /speak HTTP/1.1" 200 -
/Users/philipyeo/jarvis/venv/lib/python3.14/site-packages/whisper/transcribe.py:132: UserWarning: FP16 is not supported on CPU; using FP32 instead
  warnings.warn("FP16 is not supported on CPU; using FP32 instead")
127.0.0.1 - - [31/May/2026 18:38:53] "POST /speak HTTP/1.1" 200 -
127.0.0.1 - - [31/May/2026 18:38:53] "OPTIONS /speak HTTP/1.1" 200 -
127.0.0.1 - - [31/May/2026 18:38:55] "POST /speak HTTP/1.1" 200 -
127.0.0.1 - - [31/May/2026 18:39:03] "POST /transcribe HTTP/1.1" 200 -
/Users/philipyeo/jarvis/venv/lib/python3.14/site-packages/whisper/transcribe.py:132: UserWarning: FP16 is not supported on CPU; using FP32 instead
  warnings.warn("FP16 is not supported on CPU; using FP32 instead")
127.0.0.1 - - [31/May/2026 18:39:16] "POST /transcribe HTTP/1.1" 200 -
127.0.0.1 - - [31/May/2026 18:41:12] "GET /memory/load HTTP/1.1" 200 -
127.0.0.1 - - [31/May/2026 18:41:15] "OPTIONS /datetime HTTP/1.1" 200 -
127.0.0.1 - - [31/May/2026 18:41:15] "OPTIONS /calendar/upcoming HTTP/1.1" 200 -
127.0.0.1 - - [31/May/2026 18:41:15] "OPTIONS /gmail/count HTTP/1.1" 200 -
127.0.0.1 - - [31/May/2026 18:41:15] "OPTIONS /websearch HTTP/1.1" 200 -
127.0.0.1 - - [31/May/2026 18:41:15] "POST /datetime HTTP/1.1" 200 -
127.0.0.1 - - [31/May/2026 18:41:15] "POST /websearch HTTP/1.1" 200 -
127.0.0.1 - - [31/May/2026 18:41:16] "POST /gmail/count HTTP/1.1" 200 -
127.0.0.1 - - [31/May/2026 18:41:16] "POST /calendar/upcoming HTTP/1.1" 200 -
/Users/philipyeo/jarvis/venv/lib/python3.14/site-packages/whisper/transcribe.py:132: UserWarning: FP16 is not supported on CPU; using FP32 instead
  warnings.warn("FP16 is not supported on CPU; using FP32 instead")
127.0.0.1 - - [31/May/2026 18:41:23] "OPTIONS /speak HTTP/1.1" 200 -
127.0.0.1 - - [31/May/2026 18:41:26] "POST /speak HTTP/1.1" 200 -
127.0.0.1 - - [31/May/2026 18:41:26] "OPTIONS /speak HTTP/1.1" 200 -
127.0.0.1 - - [31/May/2026 18:41:30] "[33mOPTIONS /calendar HTTP/1.1[0m" 404 -
127.0.0.1 - - [31/May/2026 18:41:30] "OPTIONS /speak HTTP/1.1" 200 -
127.0.0.1 - - [31/May/2026 18:41:31] "POST /speak HTTP/1.1" 200 -
127.0.0.1 - - [31/May/2026 18:41:31] "OPTIONS /speak HTTP/1.1" 200 -
127.0.0.1 - - [31/May/2026 18:41:31] "POST /transcribe HTTP/1.1" 200 -
127.0.0.1 - - [31/May/2026 18:41:33] "POST /speak HTTP/1.1" 200 -
127.0.0.1 - - [31/May/2026 18:41:33] "POST /speak HTTP/1.1" 200 -
127.0.0.1 - - [31/May/2026 18:41:42] "OPTIONS /speak HTTP/1.1" 200 -
/Users/philipyeo/jarvis/venv/lib/python3.14/site-packages/whisper/transcribe.py:132: UserWarning: FP16 is not supported on CPU; using FP32 instead
  warnings.warn("FP16 is not supported on CPU; using FP32 instead")
127.0.0.1 - - [31/May/2026 18:41:46] "POST /speak HTTP/1.1" 200 -
127.0.0.1 - - [31/May/2026 18:41:47] "OPTIONS /speak HTTP/1.1" 200 -
127.0.0.1 - - [31/May/2026 18:41:52] "OPTIONS /memory/save HTTP/1.1" 200 -
127.0.0.1 - - [31/May/2026 18:41:52] "POST /memory/save HTTP/1.1" 200 -
127.0.0.1 - - [31/May/2026 18:41:57] "POST /speak HTTP/1.1" 200 -
127.0.0.1 - - [31/May/2026 18:41:58] "POST /transcribe HTTP/1.1" 200 -
/Users/philipyeo/jarvis/venv/lib/python3.14/site-packages/whisper/transcribe.py:132: UserWarning: FP16 is not supported on CPU; using FP32 instead
  warnings.warn("FP16 is not supported on CPU; using FP32 instead")
127.0.0.1 - - [31/May/2026 18:42:13] "POST /transcribe HTTP/1.1" 200 -
127.0.0.1 - - [31/May/2026 18:42:14] "OPTIONS /speak HTTP/1.1" 200 -
127.0.0.1 - - [31/May/2026 18:42:16] "POST /speak HTTP/1.1" 200 -
127.0.0.1 - - [31/May/2026 18:42:16] "OPTIONS /speak HTTP/1.1" 200 -
127.0.0.1 - - [31/May/2026 18:42:22] "OPTIONS /memory/save HTTP/1.1" 200 -
127.0.0.1 - - [31/May/2026 18:42:22] "POST /memory/save HTTP/1.1" 200 -
127.0.0.1 - - [31/May/2026 18:42:23] "POST /speak HTTP/1.1" 200 -
/Users/philipyeo/jarvis/venv/lib/python3.14/site-packages/whisper/transcribe.py:132: UserWarning: FP16 is not supported on CPU; using FP32 instead
  warnings.warn("FP16 is not supported on CPU; using FP32 instead")
127.0.0.1 - - [31/May/2026 18:42:33] "POST /transcribe HTTP/1.1" 200 -
127.0.0.1 - - [31/May/2026 18:42:43] "OPTIONS /speak HTTP/1.1" 200 -
/Users/philipyeo/jarvis/venv/lib/python3.14/site-packages/whisper/transcribe.py:132: UserWarning: FP16 is not supported on CPU; using FP32 instead
  warnings.warn("FP16 is not supported on CPU; using FP32 instead")
127.0.0.1 - - [31/May/2026 18:42:54] "OPTIONS /memory/save HTTP/1.1" 200 -
127.0.0.1 - - [31/May/2026 18:42:54] "POST /memory/save HTTP/1.1" 200 -
127.0.0.1 - - [31/May/2026 18:42:54] "POST /speak HTTP/1.1" 200 -
127.0.0.1 - - [31/May/2026 18:43:06] "POST /transcribe HTTP/1.1" 200 -
/Library/Frameworks/Python.framework/Versions/3.14/lib/python3.14/multiprocessing/resource_tracker.py:396: UserWarning: resource_tracker: There appear to be 1 leaked semaphore objects to clean up at shutdown: {'/mp-ul9n281w'}
  warnings.warn(
[31m[1mWARNING: This is a development server. Do not use it in a production deployment. Use a production WSGI server instead.[0m
 * Running on https://127.0.0.1:5001
[33mPress CTRL+C to quit[0m
127.0.0.1 - - [31/May/2026 18:44:32] "GET /memory/load HTTP/1.1" 200 -
127.0.0.1 - - [31/May/2026 18:44:35] "OPTIONS /datetime HTTP/1.1" 200 -
127.0.0.1 - - [31/May/2026 18:44:35] "OPTIONS /calendar/upcoming HTTP/1.1" 200 -
127.0.0.1 - - [31/May/2026 18:44:35] "OPTIONS /gmail/count HTTP/1.1" 200 -
127.0.0.1 - - [31/May/2026 18:44:35] "OPTIONS /websearch HTTP/1.1" 200 -
127.0.0.1 - - [31/May/2026 18:44:35] "POST /datetime HTTP/1.1" 200 -
127.0.0.1 - - [31/May/2026 18:44:36] "POST /websearch HTTP/1.1" 200 -
127.0.0.1 - - [31/May/2026 18:44:36] "POST /calendar/upcoming HTTP/1.1" 200 -
127.0.0.1 - - [31/May/2026 18:44:36] "POST /gmail/count HTTP/1.1" 200 -
127.0.0.1 - - [31/May/2026 18:44:39] "OPTIONS /speak HTTP/1.1" 200 -
127.0.0.1 - - [31/May/2026 18:44:41] "POST /speak HTTP/1.1" 200 -
127.0.0.1 - - [31/May/2026 18:44:41] "OPTIONS /speak HTTP/1.1" 200 -
127.0.0.1 - - [31/May/2026 18:44:43] "POST /speak HTTP/1.1" 200 -
127.0.0.1 - - [31/May/2026 18:44:43] "OPTIONS /speak HTTP/1.1" 200 -
/Users/philipyeo/jarvis/venv/lib/python3.14/site-packages/whisper/transcribe.py:132: UserWarning: FP16 is not supported on CPU; using FP32 instead
  warnings.warn("FP16 is not supported on CPU; using FP32 instead")
127.0.0.1 - - [31/May/2026 18:44:45] "POST /speak HTTP/1.1" 200 -
127.0.0.1 - - [31/May/2026 18:44:46] "POST /transcribe HTTP/1.1" 200 -
127.0.0.1 - - [31/May/2026 18:45:02] "OPTIONS /open HTTP/1.1" 200 -
127.0.0.1 - - [31/May/2026 18:45:02] "POST /open HTTP/1.1" 200 -
127.0.0.1 - - [31/May/2026 18:45:02] "OPTIONS /speak HTTP/1.1" 200 -
/Users/philipyeo/jarvis/venv/lib/python3.14/site-packages/whisper/transcribe.py:132: UserWarning: FP16 is not supported on CPU; using FP32 instead
  warnings.warn("FP16 is not supported on CPU; using FP32 instead")
127.0.0.1 - - [31/May/2026 18:45:09] "POST /speak HTTP/1.1" 200 -
127.0.0.1 - - [31/May/2026 18:45:17] "POST /transcribe HTTP/1.1" 200 -
127.0.0.1 - - [31/May/2026 18:45:19] "OPTIONS /open HTTP/1.1" 200 -
127.0.0.1 - - [31/May/2026 18:45:19] "[33mPOST /open HTTP/1.1[0m" 404 -
127.0.0.1 - - [31/May/2026 18:45:19] "OPTIONS /speak HTTP/1.1" 200 -
/Users/philipyeo/jarvis/venv/lib/python3.14/site-packages/whisper/transcribe.py:132: UserWarning: FP16 is not supported on CPU; using FP32 instead
  warnings.warn("FP16 is not supported on CPU; using FP32 instead")
127.0.0.1 - - [31/May/2026 18:45:22] "POST /speak HTTP/1.1" 200 -
127.0.0.1 - - [31/May/2026 18:45:22] "POST /transcribe HTTP/1.1" 200 -
/Users/philipyeo/jarvis/venv/lib/python3.14/site-packages/whisper/transcribe.py:132: UserWarning: FP16 is not supported on CPU; using FP32 instead
  warnings.warn("FP16 is not supported on CPU; using FP32 instead")
127.0.0.1 - - [31/May/2026 18:45:57] "OPTIONS /calendar/create HTTP/1.1" 200 -
127.0.0.1 - - [31/May/2026 18:45:58] "POST /calendar/create HTTP/1.1" 200 -
127.0.0.1 - - [31/May/2026 18:45:58] "OPTIONS /speak HTTP/1.1" 200 -
/Users/philipyeo/jarvis/venv/lib/python3.14/site-packages/whisper/transcribe.py:132: UserWarning: FP16 is not supported on CPU; using FP32 instead
  warnings.warn("FP16 is not supported on CPU; using FP32 instead")
127.0.0.1 - - [31/May/2026 18:46:03] "POST /speak HTTP/1.1" 200 -
127.0.0.1 - - [31/May/2026 18:46:04] "POST /transcribe HTTP/1.1" 200 -
/Users/philipyeo/jarvis/venv/lib/python3.14/site-packages/whisper/transcribe.py:132: UserWarning: FP16 is not supported on CPU; using FP32 instead
  warnings.warn("FP16 is not supported on CPU; using FP32 instead")
127.0.0.1 - - [31/May/2026 18:46:11] "POST /transcribe HTTP/1.1" 200 -
127.0.0.1 - - [31/May/2026 18:46:14] "POST /transcribe HTTP/1.1" 200 -
127.0.0.1 - - [31/May/2026 18:49:20] "GET /memory/load HTTP/1.1" 200 -
127.0.0.1 - - [31/May/2026 18:49:23] "OPTIONS /datetime HTTP/1.1" 200 -
127.0.0.1 - - [31/May/2026 18:49:23] "OPTIONS /calendar/upcoming HTTP/1.1" 200 -
127.0.0.1 - - [31/May/2026 18:49:23] "OPTIONS /gmail/count HTTP/1.1" 200 -
127.0.0.1 - - [31/May/2026 18:49:23] "OPTIONS /websearch HTTP/1.1" 200 -
127.0.0.1 - - [31/May/2026 18:49:23] "POST /datetime HTTP/1.1" 200 -
127.0.0.1 - - [31/May/2026 18:49:23] "POST /websearch HTTP/1.1" 200 -
127.0.0.1 - - [31/May/2026 18:49:24] "POST /gmail/count HTTP/1.1" 200 -
127.0.0.1 - - [31/May/2026 18:49:24] "POST /calendar/upcoming HTTP/1.1" 200 -
127.0.0.1 - - [31/May/2026 18:49:24] "[33mOPTIONS /weather HTTP/1.1[0m" 404 -
127.0.0.1 - - [31/May/2026 18:49:24] "OPTIONS /speak HTTP/1.1" 200 -
/Users/philipyeo/jarvis/venv/lib/python3.14/site-packages/whisper/transcribe.py:132: UserWarning: FP16 is not supported on CPU; using FP32 instead
  warnings.warn("FP16 is not supported on CPU; using FP32 instead")
127.0.0.1 - - [31/May/2026 18:49:30] "OPTIONS /speak HTTP/1.1" 200 -
127.0.0.1 - - [31/May/2026 18:49:36] "POST /speak HTTP/1.1" 200 -
127.0.0.1 - - [31/May/2026 18:49:36] "POST /speak HTTP/1.1" 200 -
127.0.0.1 - - [31/May/2026 18:49:40] "POST /transcribe HTTP/1.1" 200 -
/Users/philipyeo/jarvis/venv/lib/python3.14/site-packages/whisper/transcribe.py:132: UserWarning: FP16 is not supported on CPU; using FP32 instead
  warnings.warn("FP16 is not supported on CPU; using FP32 instead")
127.0.0.1 - - [31/May/2026 19:41:14] "POST /transcribe HTTP/1.1" 200 -
127.0.0.1 - - [31/May/2026 19:41:30] "OPTIONS /speak HTTP/1.1" 200 -
/Users/philipyeo/jarvis/venv/lib/python3.14/site-packages/whisper/transcribe.py:132: UserWarning: FP16 is not supported on CPU; using FP32 instead
  warnings.warn("FP16 is not supported on CPU; using FP32 instead")
127.0.0.1 - - [31/May/2026 19:41:34] "OPTIONS /memory/save HTTP/1.1" 200 -
127.0.0.1 - - [31/May/2026 19:41:34] "POST /memory/save HTTP/1.1" 200 -
127.0.0.1 - - [31/May/2026 19:41:35] "POST /speak HTTP/1.1" 200 -
127.0.0.1 - - [31/May/2026 19:41:35] "OPTIONS /speak HTTP/1.1" 200 -
127.0.0.1 - - [31/May/2026 19:41:37] "POST /speak HTTP/1.1" 200 -
127.0.0.1 - - [31/May/2026 19:41:41] "POST /transcribe HTTP/1.1" 200 -
/Users/philipyeo/jarvis/venv/lib/python3.14/site-packages/whisper/transcribe.py:132: UserWarning: FP16 is not supported on CPU; using FP32 instead
  warnings.warn("FP16 is not supported on CPU; using FP32 instead")
127.0.0.1 - - [31/May/2026 19:41:50] "POST /transcribe HTTP/1.1" 200 -
/Users/philipyeo/jarvis/venv/lib/python3.14/site-packages/whisper/transcribe.py:132: UserWarning: FP16 is not supported on CPU; using FP32 instead
  warnings.warn("FP16 is not supported on CPU; using FP32 instead")
127.0.0.1 - - [31/May/2026 20:01:08] "[33mPOST /weather HTTP/1.1[0m" 404 -
/Library/Frameworks/Python.framework/Versions/3.14/lib/python3.14/multiprocessing/resource_tracker.py:396: UserWarning: resource_tracker: There appear to be 1 leaked semaphore objects to clean up at shutdown: {'/mp-fqmvccoj'}
  warnings.warn(
[31m[1mWARNING: This is a development server. Do not use it in a production deployment. Use a production WSGI server instead.[0m
 * Running on https://127.0.0.1:5001
[33mPress CTRL+C to quit[0m
127.0.0.1 - - [31/May/2026 20:03:04] "POST /weather HTTP/1.1" 200 -
127.0.0.1 - - [31/May/2026 20:03:31] "GET /memory/load HTTP/1.1" 200 -
127.0.0.1 - - [31/May/2026 20:03:34] "OPTIONS /datetime HTTP/1.1" 200 -
127.0.0.1 - - [31/May/2026 20:03:34] "OPTIONS /calendar/upcoming HTTP/1.1" 200 -
127.0.0.1 - - [31/May/2026 20:03:34] "OPTIONS /gmail/count HTTP/1.1" 200 -
127.0.0.1 - - [31/May/2026 20:03:34] "OPTIONS /websearch HTTP/1.1" 200 -
127.0.0.1 - - [31/May/2026 20:03:34] "POST /datetime HTTP/1.1" 200 -
127.0.0.1 - - [31/May/2026 20:03:35] "POST /calendar/upcoming HTTP/1.1" 200 -
127.0.0.1 - - [31/May/2026 20:03:35] "POST /websearch HTTP/1.1" 200 -
127.0.0.1 - - [31/May/2026 20:03:36] "POST /gmail/count HTTP/1.1" 200 -
127.0.0.1 - - [31/May/2026 20:03:42] "OPTIONS /speak HTTP/1.1" 200 -
127.0.0.1 - - [31/May/2026 20:03:44] "POST /speak HTTP/1.1" 200 -
127.0.0.1 - - [31/May/2026 20:03:44] "OPTIONS /speak HTTP/1.1" 200 -
/Users/philipyeo/jarvis/venv/lib/python3.14/site-packages/whisper/transcribe.py:132: UserWarning: FP16 is not supported on CPU; using FP32 instead
  warnings.warn("FP16 is not supported on CPU; using FP32 instead")
127.0.0.1 - - [31/May/2026 20:03:47] "POST /speak HTTP/1.1" 200 -
127.0.0.1 - - [31/May/2026 20:03:48] "OPTIONS /speak HTTP/1.1" 200 -
127.0.0.1 - - [31/May/2026 20:03:51] "POST /speak HTTP/1.1" 200 -
127.0.0.1 - - [31/May/2026 20:03:53] "OPTIONS /weather HTTP/1.1" 200 -
127.0.0.1 - - [31/May/2026 20:03:54] "POST /weather HTTP/1.1" 200 -
127.0.0.1 - - [31/May/2026 20:03:54] "OPTIONS /speak HTTP/1.1" 200 -
/Users/philipyeo/jarvis/venv/lib/python3.14/site-packages/whisper/transcribe.py:132: UserWarning: FP16 is not supported on CPU; using FP32 instead
  warnings.warn("FP16 is not supported on CPU; using FP32 instead")
127.0.0.1 - - [31/May/2026 20:03:57] "POST /transcribe HTTP/1.1" 200 -
127.0.0.1 - - [31/May/2026 20:03:57] "POST /transcribe HTTP/1.1" 200 -
127.0.0.1 - - [31/May/2026 20:03:57] "POST /speak HTTP/1.1" 200 -
/Users/philipyeo/jarvis/venv/lib/python3.14/site-packages/whisper/transcribe.py:132: UserWarning: FP16 is not supported on CPU; using FP32 instead
  warnings.warn("FP16 is not supported on CPU; using FP32 instead")
127.0.0.1 - - [31/May/2026 20:04:04] "POST /transcribe HTTP/1.1" 200 -
/Users/philipyeo/jarvis/venv/lib/python3.14/site-packages/whisper/transcribe.py:132: UserWarning: FP16 is not supported on CPU; using FP32 instead
  warnings.warn("FP16 is not supported on CPU; using FP32 instead")
127.0.0.1 - - [31/May/2026 20:04:20] "POST /transcribe HTTP/1.1" 200 -
127.0.0.1 - - [31/May/2026 20:04:32] "OPTIONS /speak HTTP/1.1" 200 -
/Users/philipyeo/jarvis/venv/lib/python3.14/site-packages/whisper/transcribe.py:132: UserWarning: FP16 is not supported on CPU; using FP32 instead
  warnings.warn("FP16 is not supported on CPU; using FP32 instead")
127.0.0.1 - - [31/May/2026 20:04:39] "OPTIONS /memory/save HTTP/1.1" 200 -
127.0.0.1 - - [31/May/2026 20:04:39] "POST /memory/save HTTP/1.1" 200 -
127.0.0.1 - - [31/May/2026 20:04:43] "POST /speak HTTP/1.1" 200 -
127.0.0.1 - - [31/May/2026 20:04:48] "POST /transcribe HTTP/1.1" 200 -
/Users/philipyeo/jarvis/venv/lib/python3.14/site-packages/whisper/transcribe.py:132: UserWarning: FP16 is not supported on CPU; using FP32 instead
  warnings.warn("FP16 is not supported on CPU; using FP32 instead")
127.0.0.1 - - [31/May/2026 20:04:54] "POST /transcribe HTTP/1.1" 200 -
127.0.0.1 - - [31/May/2026 20:05:26] "GET /memory/load HTTP/1.1" 200 -
127.0.0.1 - - [31/May/2026 20:05:29] "OPTIONS /datetime HTTP/1.1" 200 -
127.0.0.1 - - [31/May/2026 20:05:29] "OPTIONS /calendar/upcoming HTTP/1.1" 200 -
127.0.0.1 - - [31/May/2026 20:05:29] "OPTIONS /gmail/count HTTP/1.1" 200 -
127.0.0.1 - - [31/May/2026 20:05:29] "OPTIONS /websearch HTTP/1.1" 200 -
127.0.0.1 - - [31/May/2026 20:05:29] "POST /datetime HTTP/1.1" 200 -
127.0.0.1 - - [31/May/2026 20:05:29] "POST /websearch HTTP/1.1" 200 -
127.0.0.1 - - [31/May/2026 20:05:29] "POST /calendar/upcoming HTTP/1.1" 200 -
127.0.0.1 - - [31/May/2026 20:05:29] "POST /gmail/count HTTP/1.1" 200 -
/Users/philipyeo/jarvis/venv/lib/python3.14/site-packages/whisper/transcribe.py:132: UserWarning: FP16 is not supported on CPU; using FP32 instead
  warnings.warn("FP16 is not supported on CPU; using FP32 instead")
127.0.0.1 - - [31/May/2026 20:05:37] "OPTIONS /speak HTTP/1.1" 200 -
127.0.0.1 - - [31/May/2026 20:05:40] "OPTIONS /weather HTTP/1.1" 200 -
127.0.0.1 - - [31/May/2026 20:05:41] "POST /weather HTTP/1.1" 200 -
127.0.0.1 - - [31/May/2026 20:05:42] "POST /speak HTTP/1.1" 200 -
/Users/philipyeo/jarvis/venv/lib/python3.14/site-packages/whisper/transcribe.py:132: UserWarning: FP16 is not supported on CPU; using FP32 instead
  warnings.warn("FP16 is not supported on CPU; using FP32 instead")
127.0.0.1 - - [31/May/2026 20:05:46] "OPTIONS /speak HTTP/1.1" 200 -
127.0.0.1 - - [31/May/2026 20:05:47] "POST /transcribe HTTP/1.1" 200 -
127.0.0.1 - - [31/May/2026 20:05:47] "POST /transcribe HTTP/1.1" 200 -
127.0.0.1 - - [31/May/2026 20:05:49] "POST /speak HTTP/1.1" 200 -
/Users/philipyeo/jarvis/venv/lib/python3.14/site-packages/whisper/transcribe.py:132: UserWarning: FP16 is not supported on CPU; using FP32 instead
  warnings.warn("FP16 is not supported on CPU; using FP32 instead")
127.0.0.1 - - [31/May/2026 20:05:52] "POST /transcribe HTTP/1.1" 200 -
127.0.0.1 - - [31/May/2026 20:06:02] "OPTIONS /speak HTTP/1.1" 200 -
127.0.0.1 - - [31/May/2026 20:06:06] "POST /speak HTTP/1.1" 200 -
127.0.0.1 - - [31/May/2026 20:06:06] "OPTIONS /speak HTTP/1.1" 200 -
127.0.0.1 - - [31/May/2026 20:06:10] "OPTIONS /memory/save HTTP/1.1" 200 -
127.0.0.1 - - [31/May/2026 20:06:10] "POST /memory/save HTTP/1.1" 200 -
127.0.0.1 - - [31/May/2026 20:06:12] "POST /speak HTTP/1.1" 200 -
/Users/philipyeo/jarvis/venv/lib/python3.14/site-packages/whisper/transcribe.py:132: UserWarning: FP16 is not supported on CPU; using FP32 instead
  warnings.warn("FP16 is not supported on CPU; using FP32 instead")
127.0.0.1 - - [31/May/2026 20:06:18] "POST /transcribe HTTP/1.1" 200 -
127.0.0.1 - - [31/May/2026 20:06:29] "OPTIONS /speak HTTP/1.1" 200 -
/Users/philipyeo/jarvis/venv/lib/python3.14/site-packages/whisper/transcribe.py:132: UserWarning: FP16 is not supported on CPU; using FP32 instead
  warnings.warn("FP16 is not supported on CPU; using FP32 instead")
127.0.0.1 - - [31/May/2026 20:06:36] "OPTIONS /memory/save HTTP/1.1" 200 -
127.0.0.1 - - [31/May/2026 20:06:36] "POST /memory/save HTTP/1.1" 200 -
127.0.0.1 - - [31/May/2026 20:06:39] "POST /speak HTTP/1.1" 200 -
127.0.0.1 - - [31/May/2026 20:06:39] "OPTIONS /speak HTTP/1.1" 200 -
127.0.0.1 - - [31/May/2026 20:06:42] "POST /speak HTTP/1.1" 200 -
127.0.0.1 - - [31/May/2026 20:06:48] "POST /transcribe HTTP/1.1" 200 -
/Users/philipyeo/jarvis/venv/lib/python3.14/site-packages/whisper/transcribe.py:132: UserWarning: FP16 is not supported on CPU; using FP32 instead
  warnings.warn("FP16 is not supported on CPU; using FP32 instead")
127.0.0.1 - - [31/May/2026 20:06:52] "POST /transcribe HTTP/1.1" 200 -
127.0.0.1 - - [31/May/2026 20:07:10] "OPTIONS /speak HTTP/1.1" 200 -
127.0.0.1 - - [31/May/2026 20:07:10] "OPTIONS /weather HTTP/1.1" 200 -
/Users/philipyeo/jarvis/venv/lib/python3.14/site-packages/whisper/transcribe.py:132: UserWarning: FP16 is not supported on CPU; using FP32 instead
  warnings.warn("FP16 is not supported on CPU; using FP32 instead")
127.0.0.1 - - [31/May/2026 20:07:12] "POST /weather HTTP/1.1" 200 -
127.0.0.1 - - [31/May/2026 20:07:19] "OPTIONS /memory/save HTTP/1.1" 200 -
127.0.0.1 - - [31/May/2026 20:07:20] "POST /memory/save HTTP/1.1" 200 -
127.0.0.1 - - [31/May/2026 20:07:24] "OPTIONS /speak HTTP/1.1" 200 -
127.0.0.1 - - [31/May/2026 20:07:24] "POST /speak HTTP/1.1" 200 -
127.0.0.1 - - [31/May/2026 20:07:24] "OPTIONS /speak HTTP/1.1" 200 -
127.0.0.1 - - [31/May/2026 20:07:25] "POST /transcribe HTTP/1.1" 200 -
127.0.0.1 - - [31/May/2026 20:07:29] "OPTIONS /weather HTTP/1.1" 200 -
Error: ExtAudioFileCreateWithURL failed (-48)
127.0.0.1 - - [31/May/2026 20:07:29] "POST /speak HTTP/1.1" 200 -
127.0.0.1 - - [31/May/2026 20:07:29] "POST /speak HTTP/1.1" 200 -
127.0.0.1 - - [31/May/2026 20:07:30] "POST /weather HTTP/1.1" 200 -
127.0.0.1 - - [31/May/2026 20:07:32] "POST /transcribe HTTP/1.1" 200 -
127.0.0.1 - - [31/May/2026 20:07:33] "OPTIONS /speak HTTP/1.1" 200 -
/Users/philipyeo/jarvis/venv/lib/python3.14/site-packages/whisper/transcribe.py:132: UserWarning: FP16 is not supported on CPU; using FP32 instead
  warnings.warn("FP16 is not supported on CPU; using FP32 instead")
127.0.0.1 - - [31/May/2026 20:07:35] "POST /transcribe HTTP/1.1" 200 -
127.0.0.1 - - [31/May/2026 20:07:36] "POST /speak HTTP/1.1" 200 -
/Users/philipyeo/jarvis/venv/lib/python3.14/site-packages/whisper/transcribe.py:132: UserWarning: FP16 is not supported on CPU; using FP32 instead
  warnings.warn("FP16 is not supported on CPU; using FP32 instead")
127.0.0.1 - - [31/May/2026 20:07:43] "POST /transcribe HTTP/1.1" 200 -
127.0.0.1 - - [31/May/2026 20:07:54] "OPTIONS /speak HTTP/1.1" 200 -
127.0.0.1 - - [31/May/2026 20:08:03] "OPTIONS /memory/save HTTP/1.1" 200 -
127.0.0.1 - - [31/May/2026 20:08:03] "POST /memory/save HTTP/1.1" 200 -
127.0.0.1 - - [31/May/2026 20:08:04] "POST /speak HTTP/1.1" 200 -
127.0.0.1 - - [31/May/2026 20:08:04] "OPTIONS /speak HTTP/1.1" 200 -
127.0.0.1 - - [31/May/2026 20:08:06] "POST /speak HTTP/1.1" 200 -
/Users/philipyeo/jarvis/venv/lib/python3.14/site-packages/whisper/transcribe.py:132: UserWarning: FP16 is not supported on CPU; using FP32 instead
  warnings.warn("FP16 is not supported on CPU; using FP32 instead")
127.0.0.1 - - [31/May/2026 20:08:17] "POST /transcribe HTTP/1.1" 200 -
127.0.0.1 - - [31/May/2026 20:08:22] "OPTIONS /open HTTP/1.1" 200 -
127.0.0.1 - - [31/May/2026 20:08:24] "POST /open HTTP/1.1" 200 -
127.0.0.1 - - [31/May/2026 20:08:25] "OPTIONS /speak HTTP/1.1" 200 -
/Users/philipyeo/jarvis/venv/lib/python3.14/site-packages/whisper/transcribe.py:132: UserWarning: FP16 is not supported on CPU; using FP32 instead
  warnings.warn("FP16 is not supported on CPU; using FP32 instead")
127.0.0.1 - - [31/May/2026 20:08:44] "POST /speak HTTP/1.1" 200 -
127.0.0.1 - - [31/May/2026 20:08:46] "POST /transcribe HTTP/1.1" 200 -
127.0.0.1 - - [31/May/2026 20:09:52] "GET /memory/load HTTP/1.1" 200 -
127.0.0.1 - - [31/May/2026 20:09:55] "OPTIONS /datetime HTTP/1.1" 200 -
127.0.0.1 - - [31/May/2026 20:09:55] "OPTIONS /calendar/upcoming HTTP/1.1" 200 -
127.0.0.1 - - [31/May/2026 20:09:55] "OPTIONS /gmail/count HTTP/1.1" 200 -
127.0.0.1 - - [31/May/2026 20:09:55] "OPTIONS /websearch HTTP/1.1" 200 -
127.0.0.1 - - [31/May/2026 20:09:56] "POST /datetime HTTP/1.1" 200 -
127.0.0.1 - - [31/May/2026 20:09:56] "POST /websearch HTTP/1.1" 200 -
127.0.0.1 - - [31/May/2026 20:09:56] "POST /calendar/upcoming HTTP/1.1" 200 -
127.0.0.1 - - [31/May/2026 20:09:56] "POST /gmail/count HTTP/1.1" 200 -
127.0.0.1 - - [31/May/2026 20:10:03] "OPTIONS /speak HTTP/1.1" 200 -
/Users/philipyeo/jarvis/venv/lib/python3.14/site-packages/whisper/transcribe.py:132: UserWarning: FP16 is not supported on CPU; using FP32 instead
  warnings.warn("FP16 is not supported on CPU; using FP32 instead")
127.0.0.1 - - [31/May/2026 20:10:05] "POST /speak HTTP/1.1" 200 -
127.0.0.1 - - [31/May/2026 20:10:05] "OPTIONS /speak HTTP/1.1" 200 -
127.0.0.1 - - [31/May/2026 20:10:08] "POST /speak HTTP/1.1" 200 -
127.0.0.1 - - [31/May/2026 20:10:11] "POST /transcribe HTTP/1.1" 200 -
127.0.0.1 - - [31/May/2026 20:10:11] "OPTIONS /speak HTTP/1.1" 200 -
127.0.0.1 - - [31/May/2026 20:10:13] "POST /speak HTTP/1.1" 200 -
127.0.0.1 - - [31/May/2026 20:10:23] "OPTIONS /weather HTTP/1.1" 200 -
127.0.0.1 - - [31/May/2026 20:10:24] "POST /weather HTTP/1.1" 200 -
127.0.0.1 - - [31/May/2026 20:10:26] "OPTIONS /speak HTTP/1.1" 200 -
/Users/philipyeo/jarvis/venv/lib/python3.14/site-packages/whisper/transcribe.py:132: UserWarning: FP16 is not supported on CPU; using FP32 instead
  warnings.warn("FP16 is not supported on CPU; using FP32 instead")
127.0.0.1 - - [31/May/2026 20:10:28] "POST /transcribe HTTP/1.1" 200 -
127.0.0.1 - - [31/May/2026 20:10:29] "POST /speak HTTP/1.1" 200 -
/Users/philipyeo/jarvis/venv/lib/python3.14/site-packages/whisper/transcribe.py:132: UserWarning: FP16 is not supported on CPU; using FP32 instead
  warnings.warn("FP16 is not supported on CPU; using FP32 instead")
127.0.0.1 - - [31/May/2026 20:10:42] "POST /transcribe HTTP/1.1" 200 -
127.0.0.1 - - [31/May/2026 20:11:02] "OPTIONS /speak HTTP/1.1" 200 -
127.0.0.1 - - [31/May/2026 20:11:12] "OPTIONS /memory/save HTTP/1.1" 200 -
127.0.0.1 - - [31/May/2026 20:11:13] "POST /memory/save HTTP/1.1" 200 -
/Users/philipyeo/jarvis/venv/lib/python3.14/site-packages/whisper/transcribe.py:132: UserWarning: FP16 is not supported on CPU; using FP32 instead
  warnings.warn("FP16 is not supported on CPU; using FP32 instead")
127.0.0.1 - - [31/May/2026 20:11:27] "POST /speak HTTP/1.1" 200 -
/Library/Frameworks/Python.framework/Versions/3.14/lib/python3.14/multiprocessing/resource_tracker.py:396: UserWarning: resource_tracker: There appear to be 1 leaked semaphore objects to clean up at shutdown: {'/mp-67bi4r_p'}
  warnings.warn(
[31m[1mWARNING: This is a development server. Do not use it in a production deployment. Use a production WSGI server instead.[0m
 * Running on https://127.0.0.1:5001
[33mPress CTRL+C to quit[0m
127.0.0.1 - - [31/May/2026 20:11:35] "POST /weather HTTP/1.1" 200 -
/Users/philipyeo/jarvis/venv/lib/python3.14/site-packages/whisper/transcribe.py:132: UserWarning: FP16 is not supported on CPU; using FP32 instead
  warnings.warn("FP16 is not supported on CPU; using FP32 instead")
127.0.0.1 - - [31/May/2026 20:11:44] "POST /transcribe HTTP/1.1" 200 -
127.0.0.1 - - [31/May/2026 20:12:07] "GET /memory/load HTTP/1.1" 200 -
127.0.0.1 - - [31/May/2026 20:12:10] "OPTIONS /datetime HTTP/1.1" 200 -
127.0.0.1 - - [31/May/2026 20:12:10] "OPTIONS /calendar/upcoming HTTP/1.1" 200 -
127.0.0.1 - - [31/May/2026 20:12:10] "OPTIONS /gmail/count HTTP/1.1" 200 -
127.0.0.1 - - [31/May/2026 20:12:10] "OPTIONS /websearch HTTP/1.1" 200 -
127.0.0.1 - - [31/May/2026 20:12:10] "POST /datetime HTTP/1.1" 200 -
127.0.0.1 - - [31/May/2026 20:12:10] "POST /websearch HTTP/1.1" 200 -
127.0.0.1 - - [31/May/2026 20:12:10] "POST /calendar/upcoming HTTP/1.1" 200 -
127.0.0.1 - - [31/May/2026 20:12:10] "POST /gmail/count HTTP/1.1" 200 -
127.0.0.1 - - [31/May/2026 20:12:12] "OPTIONS /speak HTTP/1.1" 200 -
/Users/philipyeo/jarvis/venv/lib/python3.14/site-packages/whisper/transcribe.py:132: UserWarning: FP16 is not supported on CPU; using FP32 instead
  warnings.warn("FP16 is not supported on CPU; using FP32 instead")
127.0.0.1 - - [31/May/2026 20:12:14] "OPTIONS /weather HTTP/1.1" 200 -
127.0.0.1 - - [31/May/2026 20:12:15] "POST /speak HTTP/1.1" 200 -
127.0.0.1 - - [31/May/2026 20:12:16] "POST /weather HTTP/1.1" 200 -
/Users/philipyeo/jarvis/venv/lib/python3.14/site-packages/whisper/transcribe.py:132: UserWarning: FP16 is not supported on CPU; using FP32 instead
  warnings.warn("FP16 is not supported on CPU; using FP32 instead")
127.0.0.1 - - [31/May/2026 20:12:22] "POST /transcribe HTTP/1.1" 200 -
127.0.0.1 - - [31/May/2026 20:12:22] "POST /transcribe HTTP/1.1" 200 -
127.0.0.1 - - [31/May/2026 20:12:22] "OPTIONS /speak HTTP/1.1" 200 -
127.0.0.1 - - [31/May/2026 20:12:24] "POST /speak HTTP/1.1" 200 -
/Users/philipyeo/jarvis/venv/lib/python3.14/site-packages/whisper/transcribe.py:132: UserWarning: FP16 is not supported on CPU; using FP32 instead
  warnings.warn("FP16 is not supported on CPU; using FP32 instead")
127.0.0.1 - - [31/May/2026 20:12:36] "POST /transcribe HTTP/1.1" 200 -
127.0.0.1 - - [31/May/2026 20:12:46] "OPTIONS /speak HTTP/1.1" 200 -
/Users/philipyeo/jarvis/venv/lib/python3.14/site-packages/whisper/transcribe.py:132: UserWarning: FP16 is not supported on CPU; using FP32 instead
  warnings.warn("FP16 is not supported on CPU; using FP32 instead")
127.0.0.1 - - [31/May/2026 20:12:57] "OPTIONS /memory/save HTTP/1.1" 200 -
127.0.0.1 - - [31/May/2026 20:12:57] "POST /memory/save HTTP/1.1" 200 -
127.0.0.1 - - [31/May/2026 20:12:57] "POST /transcribe HTTP/1.1" 200 -
127.0.0.1 - - [31/May/2026 20:12:58] "POST /speak HTTP/1.1" 200 -
/Users/philipyeo/jarvis/venv/lib/python3.14/site-packages/whisper/transcribe.py:132: UserWarning: FP16 is not supported on CPU; using FP32 instead
  warnings.warn("FP16 is not supported on CPU; using FP32 instead")
127.0.0.1 - - [31/May/2026 20:13:16] "OPTIONS /speak HTTP/1.1" 200 -
127.0.0.1 - - [31/May/2026 20:13:24] "OPTIONS /memory/save HTTP/1.1" 200 -
127.0.0.1 - - [31/May/2026 20:13:24] "POST /memory/save HTTP/1.1" 200 -
127.0.0.1 - - [31/May/2026 20:13:26] "POST /transcribe HTTP/1.1" 200 -
127.0.0.1 - - [31/May/2026 20:13:26] "POST /speak HTTP/1.1" 200 -
127.0.0.1 - - [31/May/2026 20:13:26] "OPTIONS /speak HTTP/1.1" 200 -
127.0.0.1 - - [31/May/2026 20:13:28] "POST /speak HTTP/1.1" 200 -
127.0.0.1 - - [31/May/2026 20:13:31] "OPTIONS /speak HTTP/1.1" 200 -
127.0.0.1 - - [31/May/2026 20:13:32] "POST /speak HTTP/1.1" 200 -
/Users/philipyeo/jarvis/venv/lib/python3.14/site-packages/whisper/transcribe.py:132: UserWarning: FP16 is not supported on CPU; using FP32 instead
  warnings.warn("FP16 is not supported on CPU; using FP32 instead")
127.0.0.1 - - [31/May/2026 20:13:46] "POST /transcribe HTTP/1.1" 200 -
127.0.0.1 - - [31/May/2026 20:13:59] "OPTIONS /speak HTTP/1.1" 200 -
/Users/philipyeo/jarvis/venv/lib/python3.14/site-packages/whisper/transcribe.py:132: UserWarning: FP16 is not supported on CPU; using FP32 instead
  warnings.warn("FP16 is not supported on CPU; using FP32 instead")
127.0.0.1 - - [31/May/2026 20:14:04] "POST /speak HTTP/1.1" 200 -
127.0.0.1 - - [31/May/2026 20:14:05] "OPTIONS /speak HTTP/1.1" 200 -
127.0.0.1 - - [31/May/2026 20:14:06] "OPTIONS /memory/save HTTP/1.1" 200 -
127.0.0.1 - - [31/May/2026 20:14:06] "POST /memory/save HTTP/1.1" 200 -
127.0.0.1 - - [31/May/2026 20:14:07] "POST /speak HTTP/1.1" 200 -
127.0.0.1 - - [31/May/2026 20:14:16] "POST /transcribe HTTP/1.1" 200 -
/Users/philipyeo/jarvis/venv/lib/python3.14/site-packages/whisper/transcribe.py:132: UserWarning: FP16 is not supported on CPU; using FP32 instead
  warnings.warn("FP16 is not supported on CPU; using FP32 instead")
127.0.0.1 - - [31/May/2026 20:14:23] "POST /transcribe HTTP/1.1" 200 -
127.0.0.1 - - [31/May/2026 20:15:49] "GET /memory/load HTTP/1.1" 200 -
127.0.0.1 - - [31/May/2026 20:15:50] "OPTIONS /weather HTTP/1.1" 200 -
127.0.0.1 - - [31/May/2026 20:15:52] "POST /weather HTTP/1.1" 200 -
127.0.0.1 - - [31/May/2026 20:15:52] "OPTIONS /datetime HTTP/1.1" 200 -
127.0.0.1 - - [31/May/2026 20:15:52] "OPTIONS /calendar/upcoming HTTP/1.1" 200 -
127.0.0.1 - - [31/May/2026 20:15:52] "OPTIONS /gmail/count HTTP/1.1" 200 -
127.0.0.1 - - [31/May/2026 20:15:52] "OPTIONS /websearch HTTP/1.1" 200 -
127.0.0.1 - - [31/May/2026 20:15:52] "POST /datetime HTTP/1.1" 200 -
127.0.0.1 - - [31/May/2026 20:15:53] "POST /websearch HTTP/1.1" 200 -
/Users/philipyeo/jarvis/venv/lib/python3.14/site-packages/whisper/transcribe.py:132: UserWarning: FP16 is not supported on CPU; using FP32 instead
  warnings.warn("FP16 is not supported on CPU; using FP32 instead")
127.0.0.1 - - [31/May/2026 20:15:53] "POST /calendar/upcoming HTTP/1.1" 200 -
127.0.0.1 - - [31/May/2026 20:15:54] "POST /gmail/count HTTP/1.1" 200 -
127.0.0.1 - - [31/May/2026 20:16:00] "OPTIONS /speak HTTP/1.1" 200 -
127.0.0.1 - - [31/May/2026 20:16:12] "OPTIONS /speak HTTP/1.1" 200 -
127.0.0.1 - - [31/May/2026 20:16:14] "POST /speak HTTP/1.1" 200 -
127.0.0.1 - - [31/May/2026 20:16:18] "POST /speak HTTP/1.1" 200 -
127.0.0.1 - - [31/May/2026 20:16:18] "OPTIONS /speak HTTP/1.1" 200 -
127.0.0.1 - - [31/May/2026 20:16:20] "POST /speak HTTP/1.1" 200 -
127.0.0.1 - - [31/May/2026 20:16:21] "POST /transcribe HTTP/1.1" 200 -
/Users/philipyeo/jarvis/venv/lib/python3.14/site-packages/whisper/transcribe.py:132: UserWarning: FP16 is not supported on CPU; using FP32 instead
  warnings.warn("FP16 is not supported on CPU; using FP32 instead")
127.0.0.1 - - [31/May/2026 20:16:24] "POST /transcribe HTTP/1.1" 200 -
127.0.0.1 - - [31/May/2026 20:17:44] "GET /memory/load HTTP/1.1" 200 -
127.0.0.1 - - [31/May/2026 20:17:45] "OPTIONS /weather HTTP/1.1" 200 -
127.0.0.1 - - [31/May/2026 20:17:47] "POST /weather HTTP/1.1" 200 -
127.0.0.1 - - [31/May/2026 20:17:47] "OPTIONS /datetime HTTP/1.1" 200 -
127.0.0.1 - - [31/May/2026 20:17:47] "OPTIONS /calendar/upcoming HTTP/1.1" 200 -
127.0.0.1 - - [31/May/2026 20:17:47] "OPTIONS /gmail/count HTTP/1.1" 200 -
127.0.0.1 - - [31/May/2026 20:17:47] "OPTIONS /websearch HTTP/1.1" 200 -
127.0.0.1 - - [31/May/2026 20:17:47] "POST /datetime HTTP/1.1" 200 -
/Users/philipyeo/jarvis/venv/lib/python3.14/site-packages/whisper/transcribe.py:132: UserWarning: FP16 is not supported on CPU; using FP32 instead
  warnings.warn("FP16 is not supported on CPU; using FP32 instead")
127.0.0.1 - - [31/May/2026 20:17:48] "POST /websearch HTTP/1.1" 200 -
127.0.0.1 - - [31/May/2026 20:17:48] "POST /calendar/upcoming HTTP/1.1" 200 -
127.0.0.1 - - [31/May/2026 20:17:48] "POST /gmail/count HTTP/1.1" 200 -
127.0.0.1 - - [31/May/2026 20:17:48] "OPTIONS /speak HTTP/1.1" 200 -
127.0.0.1 - - [31/May/2026 20:17:56] "OPTIONS /speak HTTP/1.1" 200 -
127.0.0.1 - - [31/May/2026 20:18:03] "POST /speak HTTP/1.1" 200 -
127.0.0.1 - - [31/May/2026 20:18:07] "POST /speak HTTP/1.1" 200 -
127.0.0.1 - - [31/May/2026 20:18:07] "OPTIONS /speak HTTP/1.1" 200 -
/Users/philipyeo/jarvis/venv/lib/python3.14/site-packages/whisper/transcribe.py:132: UserWarning: FP16 is not supported on CPU; using FP32 instead
  warnings.warn("FP16 is not supported on CPU; using FP32 instead")
127.0.0.1 - - [31/May/2026 20:18:16] "POST /speak HTTP/1.1" 200 -
127.0.0.1 - - [31/May/2026 20:18:23] "POST /transcribe HTTP/1.1" 200 -
127.0.0.1 - - [31/May/2026 20:18:24] "POST /transcribe HTTP/1.1" 200 -
127.0.0.1 - - [31/May/2026 20:18:39] "OPTIONS /speak HTTP/1.1" 200 -
/Users/philipyeo/jarvis/venv/lib/python3.14/site-packages/whisper/transcribe.py:132: UserWarning: FP16 is not supported on CPU; using FP32 instead
  warnings.warn("FP16 is not supported on CPU; using FP32 instead")
127.0.0.1 - - [31/May/2026 20:18:45] "POST /speak HTTP/1.1" 200 -
127.0.0.1 - - [31/May/2026 20:18:57] "POST /transcribe HTTP/1.1" 200 -
/Users/philipyeo/jarvis/venv/lib/python3.14/site-packages/whisper/transcribe.py:132: UserWarning: FP16 is not supported on CPU; using FP32 instead
  warnings.warn("FP16 is not supported on CPU; using FP32 instead")
127.0.0.1 - - [31/May/2026 20:19:06] "POST /transcribe HTTP/1.1" 200 -
127.0.0.1 - - [31/May/2026 20:20:33] "GET /memory/load HTTP/1.1" 200 -
127.0.0.1 - - [31/May/2026 20:20:35] "OPTIONS /datetime HTTP/1.1" 200 -
127.0.0.1 - - [31/May/2026 20:20:35] "OPTIONS /calendar/upcoming HTTP/1.1" 200 -
127.0.0.1 - - [31/May/2026 20:20:35] "OPTIONS /gmail/count HTTP/1.1" 200 -
127.0.0.1 - - [31/May/2026 20:20:35] "OPTIONS /weather HTTP/1.1" 200 -
127.0.0.1 - - [31/May/2026 20:20:35] "POST /datetime HTTP/1.1" 200 -
127.0.0.1 - - [31/May/2026 20:20:36] "POST /calendar/upcoming HTTP/1.1" 200 -
127.0.0.1 - - [31/May/2026 20:20:36] "POST /weather HTTP/1.1" 200 -
127.0.0.1 - - [31/May/2026 20:20:36] "OPTIONS /datetime HTTP/1.1" 200 -
127.0.0.1 - - [31/May/2026 20:20:36] "OPTIONS /calendar/upcoming HTTP/1.1" 200 -
127.0.0.1 - - [31/May/2026 20:20:36] "OPTIONS /gmail/count HTTP/1.1" 200 -
127.0.0.1 - - [31/May/2026 20:20:36] "OPTIONS /weather HTTP/1.1" 200 -
127.0.0.1 - - [31/May/2026 20:20:36] "POST /datetime HTTP/1.1" 200 -
127.0.0.1 - - [31/May/2026 20:20:37] "POST /gmail/count HTTP/1.1" 200 -
127.0.0.1 - - [31/May/2026 20:20:37] "POST /calendar/upcoming HTTP/1.1" 200 -
127.0.0.1 - - [31/May/2026 20:20:37] "POST /gmail/count HTTP/1.1" 200 -
127.0.0.1 - - [31/May/2026 20:20:37] "POST /weather HTTP/1.1" 200 -
/Users/philipyeo/jarvis/venv/lib/python3.14/site-packages/whisper/transcribe.py:132: UserWarning: FP16 is not supported on CPU; using FP32 instead
  warnings.warn("FP16 is not supported on CPU; using FP32 instead")
127.0.0.1 - - [31/May/2026 20:20:42] "OPTIONS /speak HTTP/1.1" 200 -
127.0.0.1 - - [31/May/2026 20:20:46] "POST /speak HTTP/1.1" 200 -
127.0.0.1 - - [31/May/2026 20:20:46] "OPTIONS /speak HTTP/1.1" 200 -
127.0.0.1 - - [31/May/2026 20:20:48] "OPTIONS /speak HTTP/1.1" 200 -
Error: ExtAudioFileCreateWithURL failed (-48)
127.0.0.1 - - [31/May/2026 20:20:55] "POST /speak HTTP/1.1" 200 -
127.0.0.1 - - [31/May/2026 20:20:55] "POST /speak HTTP/1.1" 200 -
127.0.0.1 - - [31/May/2026 20:20:55] "OPTIONS /speak HTTP/1.1" 200 -
127.0.0.1 - - [31/May/2026 20:20:55] "OPTIONS /speak HTTP/1.1" 200 -
127.0.0.1 - - [31/May/2026 20:20:56] "POST /transcribe HTTP/1.1" 200 -
/Users/philipyeo/jarvis/venv/lib/python3.14/site-packages/whisper/transcribe.py:132: UserWarning: FP16 is not supported on CPU; using FP32 instead
  warnings.warn("FP16 is not supported on CPU; using FP32 instead")
127.0.0.1 - - [31/May/2026 20:21:06] "POST /speak HTTP/1.1" 200 -
127.0.0.1 - - [31/May/2026 20:21:08] "POST /speak HTTP/1.1" 200 -
127.0.0.1 - - [31/May/2026 20:21:14] "OPTIONS /speak HTTP/1.1" 200 -
127.0.0.1 - - [31/May/2026 20:21:16] "POST /transcribe HTTP/1.1" 200 -
127.0.0.1 - - [31/May/2026 20:21:20] "POST /speak HTTP/1.1" 200 -
127.0.0.1 - - [31/May/2026 20:21:20] "OPTIONS /speak HTTP/1.1" 200 -
127.0.0.1 - - [31/May/2026 20:21:21] "POST /speak HTTP/1.1" 200 -
/Users/philipyeo/jarvis/venv/lib/python3.14/site-packages/whisper/transcribe.py:132: UserWarning: FP16 is not supported on CPU; using FP32 instead
  warnings.warn("FP16 is not supported on CPU; using FP32 instead")
127.0.0.1 - - [31/May/2026 20:21:38] "POST /transcribe HTTP/1.1" 200 -
/Library/Frameworks/Python.framework/Versions/3.14/lib/python3.14/multiprocessing/resource_tracker.py:396: UserWarning: resource_tracker: There appear to be 1 leaked semaphore objects to clean up at shutdown: {'/mp-lwj3qe04'}
  warnings.warn(
[31m[1mWARNING: This is a development server. Do not use it in a production deployment. Use a production WSGI server instead.[0m
 * Running on https://127.0.0.1:5001
[33mPress CTRL+C to quit[0m
127.0.0.1 - - [31/May/2026 20:26:57] "GET /memory/load HTTP/1.1" 200 -
127.0.0.1 - - [31/May/2026 20:27:01] "OPTIONS /datetime HTTP/1.1" 200 -
127.0.0.1 - - [31/May/2026 20:27:01] "OPTIONS /calendar/upcoming HTTP/1.1" 200 -
127.0.0.1 - - [31/May/2026 20:27:01] "OPTIONS /gmail/count HTTP/1.1" 200 -
127.0.0.1 - - [31/May/2026 20:27:01] "OPTIONS /weather HTTP/1.1" 200 -
127.0.0.1 - - [31/May/2026 20:27:01] "POST /datetime HTTP/1.1" 200 -
127.0.0.1 - - [31/May/2026 20:27:01] "POST /calendar/upcoming HTTP/1.1" 200 -
127.0.0.1 - - [31/May/2026 20:27:01] "POST /gmail/count HTTP/1.1" 200 -
127.0.0.1 - - [31/May/2026 20:27:02] "OPTIONS /spotify HTTP/1.1" 200 -
127.0.0.1 - - [31/May/2026 20:27:02] "POST /weather HTTP/1.1" 200 -
127.0.0.1 - - [31/May/2026 20:27:04] "POST /spotify HTTP/1.1" 200 -
127.0.0.1 - - [31/May/2026 20:27:04] "OPTIONS /speak HTTP/1.1" 200 -
127.0.0.1 - - [31/May/2026 20:27:14] "OPTIONS /speak HTTP/1.1" 200 -
Error: ExtAudioFileCreateWithURL failed (-54)
127.0.0.1 - - [31/May/2026 20:27:16] "POST /speak HTTP/1.1" 200 -
127.0.0.1 - - [31/May/2026 20:27:16] "POST /speak HTTP/1.1" 200 -
127.0.0.1 - - [31/May/2026 20:27:17] "OPTIONS /speak HTTP/1.1" 200 -
127.0.0.1 - - [31/May/2026 20:27:27] "OPTIONS /spotify HTTP/1.1" 200 -
127.0.0.1 - - [31/May/2026 20:27:28] "POST /speak HTTP/1.1" 200 -
127.0.0.1 - - [31/May/2026 20:27:29] "POST /spotify HTTP/1.1" 200 -
127.0.0.1 - - [31/May/2026 20:27:29] "OPTIONS /speak HTTP/1.1" 200 -
127.0.0.1 - - [31/May/2026 20:27:47] "OPTIONS /spotify HTTP/1.1" 200 -
127.0.0.1 - - [31/May/2026 20:27:55] "POST /spotify HTTP/1.1" 200 -
127.0.0.1 - - [31/May/2026 20:27:57] "OPTIONS /speak HTTP/1.1" 200 -
127.0.0.1 - - [31/May/2026 20:28:02] "POST /speak HTTP/1.1" 200 -
127.0.0.1 - - [31/May/2026 20:28:10] "POST /speak HTTP/1.1" 200 -
/Users/philipyeo/jarvis/venv/lib/python3.14/site-packages/whisper/transcribe.py:132: UserWarning: FP16 is not supported on CPU; using FP32 instead
  warnings.warn("FP16 is not supported on CPU; using FP32 instead")
/Users/philipyeo/jarvis/venv/lib/python3.14/site-packages/whisper/transcribe.py:132: UserWarning: FP16 is not supported on CPU; using FP32 instead
  warnings.warn("FP16 is not supported on CPU; using FP32 instead")
127.0.0.1 - - [31/May/2026 20:28:21] "POST /transcribe HTTP/1.1" 200 -
/Users/philipyeo/jarvis/venv/lib/python3.14/site-packages/whisper/transcribe.py:132: UserWarning: FP16 is not supported on CPU; using FP32 instead
  warnings.warn("FP16 is not supported on CPU; using FP32 instead")
/Users/philipyeo/jarvis/venv/lib/python3.14/site-packages/whisper/transcribe.py:132: UserWarning: FP16 is not supported on CPU; using FP32 instead
  warnings.warn("FP16 is not supported on CPU; using FP32 instead")
/Users/philipyeo/jarvis/venv/lib/python3.14/site-packages/whisper/transcribe.py:132: UserWarning: FP16 is not supported on CPU; using FP32 instead
  warnings.warn("FP16 is not supported on CPU; using FP32 instead")
/Users/philipyeo/jarvis/venv/lib/python3.14/site-packages/whisper/transcribe.py:132: UserWarning: FP16 is not supported on CPU; using FP32 instead
  warnings.warn("FP16 is not supported on CPU; using FP32 instead")
127.0.0.1 - - [31/May/2026 20:29:39] "GET /memory/load HTTP/1.1" 200 -
127.0.0.1 - - [31/May/2026 20:29:46] "OPTIONS /gmail/count HTTP/1.1" 200 -
127.0.0.1 - - [31/May/2026 20:29:46] "OPTIONS /datetime HTTP/1.1" 200 -
127.0.0.1 - - [31/May/2026 20:29:46] "OPTIONS /calendar/upcoming HTTP/1.1" 200 -
127.0.0.1 - - [31/May/2026 20:29:47] "OPTIONS /weather HTTP/1.1" 200 -
/Users/philipyeo/jarvis/venv/lib/python3.14/site-packages/whisper/transcribe.py:132: UserWarning: FP16 is not supported on CPU; using FP32 instead
  warnings.warn("FP16 is not supported on CPU; using FP32 instead")
127.0.0.1 - - [31/May/2026 20:29:51] "POST /datetime HTTP/1.1" 200 -
127.0.0.1 - - [31/May/2026 20:29:55] "POST /gmail/count HTTP/1.1" 200 -
127.0.0.1 - - [31/May/2026 20:29:55] "POST /calendar/upcoming HTTP/1.1" 200 -
127.0.0.1 - - [31/May/2026 20:29:55] "POST /weather HTTP/1.1" 200 -
127.0.0.1 - - [31/May/2026 20:30:04] "OPTIONS /speak HTTP/1.1" 200 -
127.0.0.1 - - [31/May/2026 20:30:07] "POST /transcribe HTTP/1.1" 200 -
127.0.0.1 - - [31/May/2026 20:30:09] "POST /transcribe HTTP/1.1" 200 -
127.0.0.1 - - [31/May/2026 20:30:14] "OPTIONS /spotify HTTP/1.1" 200 -
127.0.0.1 - - [31/May/2026 20:30:21] "POST /transcribe HTTP/1.1" 200 -
/Users/philipyeo/jarvis/venv/lib/python3.14/site-packages/whisper/transcribe.py:132: UserWarning: FP16 is not supported on CPU; using FP32 instead
  warnings.warn("FP16 is not supported on CPU; using FP32 instead")
127.0.0.1 - - [31/May/2026 20:30:22] "POST /speak HTTP/1.1" 200 -
45:63: execution error: Spotify got an error: Can’t continue search. (-1708)
127.0.0.1 - - [31/May/2026 20:30:23] "POST /spotify HTTP/1.1" 200 -
127.0.0.1 - - [31/May/2026 20:30:24] "OPTIONS /speak HTTP/1.1" 200 -
127.0.0.1 - - [31/May/2026 20:30:26] "POST /transcribe HTTP/1.1" 200 -
127.0.0.1 - - [31/May/2026 20:30:26] "POST /transcribe HTTP/1.1" 200 -
127.0.0.1 - - [31/May/2026 20:30:35] "POST /speak HTTP/1.1" 200 -
127.0.0.1 - - [31/May/2026 20:30:38] "POST /transcribe HTTP/1.1" 200 -
/Users/philipyeo/jarvis/venv/lib/python3.14/site-packages/whisper/transcribe.py:132: UserWarning: FP16 is not supported on CPU; using FP32 instead
  warnings.warn("FP16 is not supported on CPU; using FP32 instead")
/Users/philipyeo/jarvis/venv/lib/python3.14/site-packages/whisper/transcribe.py:132: UserWarning: FP16 is not supported on CPU; using FP32 instead
  warnings.warn("FP16 is not supported on CPU; using FP32 instead")
127.0.0.1 - - [31/May/2026 20:30:55] "POST /transcribe HTTP/1.1" 200 -
127.0.0.1 - - [31/May/2026 20:31:18] "OPTIONS /spotify HTTP/1.1" 200 -
/Users/philipyeo/jarvis/venv/lib/python3.14/site-packages/whisper/transcribe.py:132: UserWarning: FP16 is not supported on CPU; using FP32 instead
  warnings.warn("FP16 is not supported on CPU; using FP32 instead")
127.0.0.1 - - [31/May/2026 20:31:19] "POST /transcribe HTTP/1.1" 200 -
45:63: execution error: Spotify got an error: Can’t continue search. (-1708)
127.0.0.1 - - [31/May/2026 20:31:21] "POST /spotify HTTP/1.1" 200 -
127.0.0.1 - - [31/May/2026 20:31:22] "OPTIONS /speak HTTP/1.1" 200 -
127.0.0.1 - - [31/May/2026 20:31:32] "POST /speak HTTP/1.1" 200 -
/Users/philipyeo/jarvis/venv/lib/python3.14/site-packages/whisper/transcribe.py:132: UserWarning: FP16 is not supported on CPU; using FP32 instead
  warnings.warn("FP16 is not supported on CPU; using FP32 instead")
127.0.0.1 - - [31/May/2026 20:32:10] "POST /transcribe HTTP/1.1" 200 -
127.0.0.1 - - [31/May/2026 20:32:14] "POST /transcribe HTTP/1.1" 200 -
127.0.0.1 - - [31/May/2026 20:32:16] "POST /transcribe HTTP/1.1" 200 -
127.0.0.1 - - [31/May/2026 20:32:19] "POST /transcribe HTTP/1.1" 200 -
127.0.0.1 - - [31/May/2026 20:33:40] "GET /memory/load HTTP/1.1" 200 -
/Users/philipyeo/jarvis/venv/lib/python3.14/site-packages/whisper/transcribe.py:132: UserWarning: FP16 is not supported on CPU; using FP32 instead
  warnings.warn("FP16 is not supported on CPU; using FP32 instead")
127.0.0.1 - - [31/May/2026 20:33:44] "OPTIONS /datetime HTTP/1.1" 200 -
127.0.0.1 - - [31/May/2026 20:33:44] "OPTIONS /calendar/upcoming HTTP/1.1" 200 -
127.0.0.1 - - [31/May/2026 20:33:44] "OPTIONS /gmail/count HTTP/1.1" 200 -
127.0.0.1 - - [31/May/2026 20:33:44] "OPTIONS /weather HTTP/1.1" 200 -
127.0.0.1 - - [31/May/2026 20:33:44] "POST /datetime HTTP/1.1" 200 -
127.0.0.1 - - [31/May/2026 20:33:44] "POST /calendar/upcoming HTTP/1.1" 200 -
127.0.0.1 - - [31/May/2026 20:33:45] "POST /gmail/count HTTP/1.1" 200 -
127.0.0.1 - - [31/May/2026 20:33:45] "POST /weather HTTP/1.1" 200 -
127.0.0.1 - - [31/May/2026 20:33:49] "POST /transcribe HTTP/1.1" 200 -
127.0.0.1 - - [31/May/2026 20:33:49] "OPTIONS /speak HTTP/1.1" 200 -
127.0.0.1 - - [31/May/2026 20:33:53] "POST /speak HTTP/1.1" 200 -
127.0.0.1 - - [31/May/2026 20:33:53] "OPTIONS /speak HTTP/1.1" 200 -
127.0.0.1 - - [31/May/2026 20:33:54] "POST /speak HTTP/1.1" 200 -
127.0.0.1 - - [31/May/2026 20:34:01] "OPTIONS /spotify HTTP/1.1" 200 -
45:63: execution error: Spotify got an error: Can’t continue search. (-1708)
127.0.0.1 - - [31/May/2026 20:34:02] "POST /spotify HTTP/1.1" 200 -
127.0.0.1 - - [31/May/2026 20:34:02] "OPTIONS /speak HTTP/1.1" 200 -
/Users/philipyeo/jarvis/venv/lib/python3.14/site-packages/whisper/transcribe.py:132: UserWarning: FP16 is not supported on CPU; using FP32 instead
  warnings.warn("FP16 is not supported on CPU; using FP32 instead")
127.0.0.1 - - [31/May/2026 20:34:05] "POST /transcribe HTTP/1.1" 200 -
127.0.0.1 - - [31/May/2026 20:34:05] "POST /speak HTTP/1.1" 200 -
/Users/philipyeo/jarvis/venv/lib/python3.14/site-packages/whisper/transcribe.py:132: UserWarning: FP16 is not supported on CPU; using FP32 instead
  warnings.warn("FP16 is not supported on CPU; using FP32 instead")
127.0.0.1 - - [31/May/2026 20:34:11] "POST /transcribe HTTP/1.1" 200 -
127.0.0.1 - - [31/May/2026 20:34:26] "OPTIONS /spotify HTTP/1.1" 200 -
127.0.0.1 - - [31/May/2026 20:34:27] "POST /spotify HTTP/1.1" 200 -
127.0.0.1 - - [31/May/2026 20:34:27] "OPTIONS /speak HTTP/1.1" 200 -
/Users/philipyeo/jarvis/venv/lib/python3.14/site-packages/whisper/transcribe.py:132: UserWarning: FP16 is not supported on CPU; using FP32 instead
  warnings.warn("FP16 is not supported on CPU; using FP32 instead")
127.0.0.1 - - [31/May/2026 20:34:31] "POST /speak HTTP/1.1" 200 -
/Users/philipyeo/jarvis/venv/lib/python3.14/site-packages/whisper/transcribe.py:132: UserWarning: FP16 is not supported on CPU; using FP32 instead
  warnings.warn("FP16 is not supported on CPU; using FP32 instead")
127.0.0.1 - - [31/May/2026 20:34:39] "POST /transcribe HTTP/1.1" 200 -
127.0.0.1 - - [31/May/2026 20:34:42] "POST /transcribe HTTP/1.1" 200 -
127.0.0.1 - - [31/May/2026 20:35:21] "GET /memory/load HTTP/1.1" 200 -
127.0.0.1 - - [31/May/2026 20:35:24] "OPTIONS /spotify HTTP/1.1" 200 -
127.0.0.1 - - [31/May/2026 20:35:24] "OPTIONS /datetime HTTP/1.1" 200 -
127.0.0.1 - - [31/May/2026 20:35:24] "OPTIONS /calendar/upcoming HTTP/1.1" 200 -
127.0.0.1 - - [31/May/2026 20:35:24] "OPTIONS /gmail/count HTTP/1.1" 200 -
127.0.0.1 - - [31/May/2026 20:35:24] "OPTIONS /weather HTTP/1.1" 200 -
127.0.0.1 - - [31/May/2026 20:35:24] "POST /datetime HTTP/1.1" 200 -
45:63: execution error: Spotify got an error: Can’t continue search. (-1708)
127.0.0.1 - - [31/May/2026 20:35:25] "POST /calendar/upcoming HTTP/1.1" 200 -
127.0.0.1 - - [31/May/2026 20:35:25] "POST /gmail/count HTTP/1.1" 200 -
127.0.0.1 - - [31/May/2026 20:35:26] "POST /spotify HTTP/1.1" 200 -
127.0.0.1 - - [31/May/2026 20:35:26] "POST /weather HTTP/1.1" 200 -
127.0.0.1 - - [31/May/2026 20:35:26] "OPTIONS /speak HTTP/1.1" 200 -
/Users/philipyeo/jarvis/venv/lib/python3.14/site-packages/whisper/transcribe.py:132: UserWarning: FP16 is not supported on CPU; using FP32 instead
  warnings.warn("FP16 is not supported on CPU; using FP32 instead")
127.0.0.1 - - [31/May/2026 20:35:30] "OPTIONS /speak HTTP/1.1" 200 -
127.0.0.1 - - [31/May/2026 20:35:30] "POST /speak HTTP/1.1" 200 -
127.0.0.1 - - [31/May/2026 20:35:32] "POST /speak HTTP/1.1" 200 -
127.0.0.1 - - [31/May/2026 20:35:32] "OPTIONS /speak HTTP/1.1" 200 -
127.0.0.1 - - [31/May/2026 20:35:33] "POST /speak HTTP/1.1" 200 -
/Users/philipyeo/jarvis/venv/lib/python3.14/site-packages/whisper/transcribe.py:132: UserWarning: FP16 is not supported on CPU; using FP32 instead
  warnings.warn("FP16 is not supported on CPU; using FP32 instead")
127.0.0.1 - - [31/May/2026 20:35:41] "POST /transcribe HTTP/1.1" 200 -
127.0.0.1 - - [31/May/2026 20:35:45] "POST /transcribe HTTP/1.1" 200 -
127.0.0.1 - - [06/Jun/2026 08:16:08] "GET /memory/load HTTP/1.1" 200 -
/Users/philipyeo/jarvis/venv/lib/python3.14/site-packages/whisper/transcribe.py:132: UserWarning: FP16 is not supported on CPU; using FP32 instead
  warnings.warn("FP16 is not supported on CPU; using FP32 instead")
127.0.0.1 - - [06/Jun/2026 08:16:11] "OPTIONS /datetime HTTP/1.1" 200 -
127.0.0.1 - - [06/Jun/2026 08:16:11] "OPTIONS /calendar/upcoming HTTP/1.1" 200 -
127.0.0.1 - - [06/Jun/2026 08:16:11] "OPTIONS /gmail/count HTTP/1.1" 200 -
127.0.0.1 - - [06/Jun/2026 08:16:11] "OPTIONS /weather HTTP/1.1" 200 -
127.0.0.1 - - [06/Jun/2026 08:16:11] "POST /datetime HTTP/1.1" 200 -
127.0.0.1 - - [06/Jun/2026 08:16:12] "POST /calendar/upcoming HTTP/1.1" 200 -
127.0.0.1 - - [06/Jun/2026 08:16:12] "POST /gmail/count HTTP/1.1" 200 -
127.0.0.1 - - [06/Jun/2026 08:16:12] "POST /weather HTTP/1.1" 200 -
127.0.0.1 - - [06/Jun/2026 08:16:40] "OPTIONS /speak HTTP/1.1" 200 -
127.0.0.1 - - [06/Jun/2026 08:16:50] "POST /speak HTTP/1.1" 200 -
127.0.0.1 - - [06/Jun/2026 08:16:51] "OPTIONS /speak HTTP/1.1" 200 -
127.0.0.1 - - [06/Jun/2026 08:16:53] "POST /transcribe HTTP/1.1" 200 -
127.0.0.1 - - [06/Jun/2026 08:16:58] "POST /speak HTTP/1.1" 200 -
/Users/philipyeo/jarvis/venv/lib/python3.14/site-packages/whisper/transcribe.py:132: UserWarning: FP16 is not supported on CPU; using FP32 instead
  warnings.warn("FP16 is not supported on CPU; using FP32 instead")
127.0.0.1 - - [06/Jun/2026 08:17:09] "POST /transcribe HTTP/1.1" 200 -
/Library/Frameworks/Python.framework/Versions/3.14/lib/python3.14/multiprocessing/resource_tracker.py:396: UserWarning: resource_tracker: There appear to be 1 leaked semaphore objects to clean up at shutdown: {'/mp-rs7cgtij'}
  warnings.warn(
[31m[1mWARNING: This is a development server. Do not use it in a production deployment. Use a production WSGI server instead.[0m
 * Running on https://127.0.0.1:5001
[33mPress CTRL+C to quit[0m
127.0.0.1 - - [06/Jun/2026 08:26:20] "GET /memory/load HTTP/1.1" 200 -
127.0.0.1 - - [06/Jun/2026 08:26:24] "OPTIONS /datetime HTTP/1.1" 200 -
127.0.0.1 - - [06/Jun/2026 08:26:24] "OPTIONS /calendar/upcoming HTTP/1.1" 200 -
127.0.0.1 - - [06/Jun/2026 08:26:24] "OPTIONS /gmail/count HTTP/1.1" 200 -
127.0.0.1 - - [06/Jun/2026 08:26:24] "OPTIONS /weather HTTP/1.1" 200 -
127.0.0.1 - - [06/Jun/2026 08:26:24] "POST /datetime HTTP/1.1" 200 -
127.0.0.1 - - [06/Jun/2026 08:26:24] "POST /calendar/upcoming HTTP/1.1" 200 -
127.0.0.1 - - [06/Jun/2026 08:26:24] "POST /gmail/count HTTP/1.1" 200 -
127.0.0.1 - - [06/Jun/2026 08:26:25] "POST /weather HTTP/1.1" 200 -
127.0.0.1 - - [06/Jun/2026 08:26:26] "OPTIONS /open HTTP/1.1" 200 -
127.0.0.1 - - [06/Jun/2026 08:26:29] "OPTIONS /speak HTTP/1.1" 200 -
127.0.0.1 - - [06/Jun/2026 08:26:32] "POST /open HTTP/1.1" 200 -
127.0.0.1 - - [06/Jun/2026 08:26:36] "GET /memory/load HTTP/1.1" 200 -
127.0.0.1 - - [06/Jun/2026 08:26:40] "OPTIONS /datetime HTTP/1.1" 200 -
127.0.0.1 - - [06/Jun/2026 08:26:40] "OPTIONS /calendar/upcoming HTTP/1.1" 200 -
127.0.0.1 - - [06/Jun/2026 08:26:40] "OPTIONS /gmail/count HTTP/1.1" 200 -
127.0.0.1 - - [06/Jun/2026 08:26:40] "OPTIONS /weather HTTP/1.1" 200 -
127.0.0.1 - - [06/Jun/2026 08:26:40] "POST /datetime HTTP/1.1" 200 -
127.0.0.1 - - [06/Jun/2026 08:26:40] "POST /calendar/upcoming HTTP/1.1" 200 -
127.0.0.1 - - [06/Jun/2026 08:26:40] "POST /weather HTTP/1.1" 200 -
127.0.0.1 - - [06/Jun/2026 08:26:41] "POST /gmail/count HTTP/1.1" 200 -
127.0.0.1 - - [06/Jun/2026 08:26:45] "OPTIONS /spotify/login HTTP/1.1" 200 -
127.0.0.1 - - [06/Jun/2026 08:26:45] "[31m[1mPOST /spotify/login HTTP/1.1[0m" 405 -
127.0.0.1 - - [06/Jun/2026 08:26:45] "OPTIONS /speak HTTP/1.1" 200 -
127.0.0.1 - - [06/Jun/2026 08:26:55] "OPTIONS /speak HTTP/1.1" 200 -
/Users/philipyeo/jarvis/venv/lib/python3.14/site-packages/whisper/transcribe.py:132: UserWarning: FP16 is not supported on CPU; using FP32 instead
  warnings.warn("FP16 is not supported on CPU; using FP32 instead")
Error: ExtAudioFileCreateWithURL failed (-48)
127.0.0.1 - - [06/Jun/2026 08:27:01] "POST /speak HTTP/1.1" 200 -
127.0.0.1 - - [06/Jun/2026 08:27:01] "POST /speak HTTP/1.1" 200 -
127.0.0.1 - - [06/Jun/2026 08:27:02] "OPTIONS /speak HTTP/1.1" 200 -
127.0.0.1 - - [06/Jun/2026 08:27:02] "OPTIONS /speak HTTP/1.1" 200 -
127.0.0.1 - - [06/Jun/2026 08:27:11] "POST /transcribe HTTP/1.1" 200 -
127.0.0.1 - - [06/Jun/2026 08:27:12] "POST /transcribe HTTP/1.1" 200 -
Error: ExtAudioFileCreateWithURL failed (-48)
127.0.0.1 - - [06/Jun/2026 08:27:14] "POST /speak HTTP/1.1" 200 -
127.0.0.1 - - [06/Jun/2026 08:27:14] "POST /speak HTTP/1.1" 200 -
127.0.0.1 - - [06/Jun/2026 08:27:15] "OPTIONS /speak HTTP/1.1" 200 -
127.0.0.1 - - [06/Jun/2026 08:27:27] "POST /speak HTTP/1.1" 200 -
/Users/philipyeo/jarvis/venv/lib/python3.14/site-packages/whisper/transcribe.py:132: UserWarning: FP16 is not supported on CPU; using FP32 instead
  warnings.warn("FP16 is not supported on CPU; using FP32 instead")
127.0.0.1 - - [06/Jun/2026 08:27:32] "POST /transcribe HTTP/1.1" 200 -
127.0.0.1 - - [06/Jun/2026 08:30:32] "GET /memory/load HTTP/1.1" 200 -
127.0.0.1 - - [06/Jun/2026 08:30:35] "OPTIONS /datetime HTTP/1.1" 200 -
127.0.0.1 - - [06/Jun/2026 08:30:35] "OPTIONS /calendar/upcoming HTTP/1.1" 200 -
127.0.0.1 - - [06/Jun/2026 08:30:35] "OPTIONS /gmail/count HTTP/1.1" 200 -
127.0.0.1 - - [06/Jun/2026 08:30:35] "OPTIONS /weather HTTP/1.1" 200 -
127.0.0.1 - - [06/Jun/2026 08:30:35] "POST /datetime HTTP/1.1" 200 -
127.0.0.1 - - [06/Jun/2026 08:30:35] "POST /calendar/upcoming HTTP/1.1" 200 -
127.0.0.1 - - [06/Jun/2026 08:30:36] "POST /gmail/count HTTP/1.1" 200 -
127.0.0.1 - - [06/Jun/2026 08:30:36] "POST /weather HTTP/1.1" 200 -
127.0.0.1 - - [06/Jun/2026 08:30:37] "GET /spotify/login HTTP/1.1" 200 -
127.0.0.1 - - [06/Jun/2026 08:30:37] "OPTIONS /speak HTTP/1.1" 200 -
127.0.0.1 - - [06/Jun/2026 08:30:42] "OPTIONS /speak HTTP/1.1" 200 -
/Users/philipyeo/jarvis/venv/lib/python3.14/site-packages/whisper/transcribe.py:132: UserWarning: FP16 is not supported on CPU; using FP32 instead
  warnings.warn("FP16 is not supported on CPU; using FP32 instead")
Error: ExtAudioFileCreateWithURL failed (-48)
127.0.0.1 - - [06/Jun/2026 08:30:50] "POST /speak HTTP/1.1" 200 -
127.0.0.1 - - [06/Jun/2026 08:30:50] "POST /speak HTTP/1.1" 200 -
127.0.0.1 - - [06/Jun/2026 08:30:51] "OPTIONS /speak HTTP/1.1" 200 -
127.0.0.1 - - [06/Jun/2026 08:30:51] "OPTIONS /speak HTTP/1.1" 200 -
Error: ExtAudioFileCreateWithURL failed (-48)
127.0.0.1 - - [06/Jun/2026 08:30:59] "POST /speak HTTP/1.1" 200 -
127.0.0.1 - - [06/Jun/2026 08:30:59] "POST /speak HTTP/1.1" 200 -
127.0.0.1 - - [06/Jun/2026 08:30:59] "OPTIONS /speak HTTP/1.1" 200 -
127.0.0.1 - - [06/Jun/2026 08:31:03] "POST /transcribe HTTP/1.1" 200 -
127.0.0.1 - - [06/Jun/2026 08:31:05] "POST /speak HTTP/1.1" 200 -
/Users/philipyeo/jarvis/venv/lib/python3.14/site-packages/whisper/transcribe.py:132: UserWarning: FP16 is not supported on CPU; using FP32 instead
  warnings.warn("FP16 is not supported on CPU; using FP32 instead")
127.0.0.1 - - [06/Jun/2026 08:31:09] "POST /transcribe HTTP/1.1" 200 -
127.0.0.1 - - [06/Jun/2026 08:31:18] "GET /spotify/login HTTP/1.1" 200 -
127.0.0.1 - - [06/Jun/2026 08:32:50] "GET /memory/load HTTP/1.1" 200 -
127.0.0.1 - - [06/Jun/2026 08:32:53] "GET /spotify/login HTTP/1.1" 200 -
127.0.0.1 - - [06/Jun/2026 08:32:53] "OPTIONS /speak HTTP/1.1" 200 -
127.0.0.1 - - [06/Jun/2026 08:32:54] "OPTIONS /datetime HTTP/1.1" 200 -
127.0.0.1 - - [06/Jun/2026 08:32:54] "OPTIONS /calendar/upcoming HTTP/1.1" 200 -
127.0.0.1 - - [06/Jun/2026 08:32:54] "OPTIONS /gmail/count HTTP/1.1" 200 -
127.0.0.1 - - [06/Jun/2026 08:32:54] "OPTIONS /weather HTTP/1.1" 200 -
127.0.0.1 - - [06/Jun/2026 08:32:54] "POST /datetime HTTP/1.1" 200 -
/Users/philipyeo/jarvis/venv/lib/python3.14/site-packages/whisper/transcribe.py:132: UserWarning: FP16 is not supported on CPU; using FP32 instead
  warnings.warn("FP16 is not supported on CPU; using FP32 instead")
127.0.0.1 - - [06/Jun/2026 08:32:55] "POST /calendar/upcoming HTTP/1.1" 200 -
127.0.0.1 - - [06/Jun/2026 08:32:56] "POST /gmail/count HTTP/1.1" 200 -
127.0.0.1 - - [06/Jun/2026 08:32:56] "POST /weather HTTP/1.1" 200 -
127.0.0.1 - - [06/Jun/2026 08:32:59] "OPTIONS /speak HTTP/1.1" 200 -
Error: ExtAudioFileCreateWithURL failed (-54)
127.0.0.1 - - [06/Jun/2026 08:33:09] "POST /speak HTTP/1.1" 200 -
127.0.0.1 - - [06/Jun/2026 08:33:09] "POST /speak HTTP/1.1" 200 -
127.0.0.1 - - [06/Jun/2026 08:33:09] "OPTIONS /speak HTTP/1.1" 200 -
127.0.0.1 - - [06/Jun/2026 08:33:09] "OPTIONS /speak HTTP/1.1" 200 -
Error: ExtAudioFileCreateWithURL failed (-48)
127.0.0.1 - - [06/Jun/2026 08:33:15] "POST /speak HTTP/1.1" 200 -
127.0.0.1 - - [06/Jun/2026 08:33:15] "POST /speak HTTP/1.1" 200 -
/Users/philipyeo/jarvis/venv/lib/python3.14/site-packages/whisper/transcribe.py:132: UserWarning: FP16 is not supported on CPU; using FP32 instead
  warnings.warn("FP16 is not supported on CPU; using FP32 instead")
127.0.0.1 - - [06/Jun/2026 08:33:32] "GET /spotify/login HTTP/1.1" 200 -
127.0.0.1 - - [06/Jun/2026 08:33:33] "POST /transcribe HTTP/1.1" 200 -
127.0.0.1 - - [06/Jun/2026 08:33:37] "POST /transcribe HTTP/1.1" 200 -
127.0.0.1 - - [06/Jun/2026 08:33:53] "OPTIONS /speak HTTP/1.1" 200 -
/Users/philipyeo/jarvis/venv/lib/python3.14/site-packages/whisper/transcribe.py:132: UserWarning: FP16 is not supported on CPU; using FP32 instead
  warnings.warn("FP16 is not supported on CPU; using FP32 instead")
/Library/Frameworks/Python.framework/Versions/3.14/lib/python3.14/multiprocessing/resource_tracker.py:396: UserWarning: resource_tracker: There appear to be 1 leaked semaphore objects to clean up at shutdown: {'/mp-gemuvm0c'}
  warnings.warn(
[31m[1mWARNING: This is a development server. Do not use it in a production deployment. Use a production WSGI server instead.[0m
 * Running on https://127.0.0.1:5001
[33mPress CTRL+C to quit[0m
127.0.0.1 - - [06/Jun/2026 08:34:07] "OPTIONS /speak HTTP/1.1" 200 -
127.0.0.1 - - [06/Jun/2026 08:34:08] "GET /spotify/login HTTP/1.1" 200 -
127.0.0.1 - - [06/Jun/2026 08:34:08] "POST /speak HTTP/1.1" 200 -
/Users/philipyeo/jarvis/venv/lib/python3.14/site-packages/whisper/transcribe.py:132: UserWarning: FP16 is not supported on CPU; using FP32 instead
  warnings.warn("FP16 is not supported on CPU; using FP32 instead")
127.0.0.1 - - [06/Jun/2026 08:34:27] "POST /transcribe HTTP/1.1" 200 -
/Library/Frameworks/Python.framework/Versions/3.14/lib/python3.14/multiprocessing/resource_tracker.py:396: UserWarning: resource_tracker: There appear to be 1 leaked semaphore objects to clean up at shutdown: {'/mp-trv703vg'}
  warnings.warn(
[31m[1mWARNING: This is a development server. Do not use it in a production deployment. Use a production WSGI server instead.[0m
 * Running on https://127.0.0.1:5001
[33mPress CTRL+C to quit[0m
127.0.0.1 - - [06/Jun/2026 08:35:17] "GET /spotify/login HTTP/1.1" 200 -
127.0.0.1 - - [06/Jun/2026 08:35:30] "GET /memory/load HTTP/1.1" 200 -
127.0.0.1 - - [06/Jun/2026 08:35:33] "OPTIONS /datetime HTTP/1.1" 200 -
127.0.0.1 - - [06/Jun/2026 08:35:33] "OPTIONS /calendar/upcoming HTTP/1.1" 200 -
127.0.0.1 - - [06/Jun/2026 08:35:33] "OPTIONS /gmail/count HTTP/1.1" 200 -
127.0.0.1 - - [06/Jun/2026 08:35:33] "OPTIONS /weather HTTP/1.1" 200 -
127.0.0.1 - - [06/Jun/2026 08:35:33] "POST /datetime HTTP/1.1" 200 -
127.0.0.1 - - [06/Jun/2026 08:35:33] "POST /calendar/upcoming HTTP/1.1" 200 -
127.0.0.1 - - [06/Jun/2026 08:35:33] "POST /gmail/count HTTP/1.1" 200 -
127.0.0.1 - - [06/Jun/2026 08:35:34] "POST /weather HTTP/1.1" 200 -
127.0.0.1 - - [06/Jun/2026 08:35:35] "GET /spotify/login HTTP/1.1" 200 -
127.0.0.1 - - [06/Jun/2026 08:35:36] "OPTIONS /speak HTTP/1.1" 200 -
127.0.0.1 - - [06/Jun/2026 08:35:41] "OPTIONS /speak HTTP/1.1" 200 -
127.0.0.1 - - [06/Jun/2026 08:35:42] "POST /speak HTTP/1.1" 200 -
127.0.0.1 - - [06/Jun/2026 08:35:42] "OPTIONS /speak HTTP/1.1" 200 -
127.0.0.1 - - [06/Jun/2026 08:35:42] "POST /speak HTTP/1.1" 200 -
127.0.0.1 - - [06/Jun/2026 08:35:42] "OPTIONS /speak HTTP/1.1" 200 -
127.0.0.1 - - [06/Jun/2026 08:35:43] "POST /speak HTTP/1.1" 200 -
127.0.0.1 - - [06/Jun/2026 08:35:44] "POST /speak HTTP/1.1" 200 -
/Users/philipyeo/jarvis/venv/lib/python3.14/site-packages/whisper/transcribe.py:132: UserWarning: FP16 is not supported on CPU; using FP32 instead
  warnings.warn("FP16 is not supported on CPU; using FP32 instead")
/Users/philipyeo/jarvis/venv/lib/python3.14/site-packages/whisper/transcribe.py:132: UserWarning: FP16 is not supported on CPU; using FP32 instead
  warnings.warn("FP16 is not supported on CPU; using FP32 instead")
127.0.0.1 - - [06/Jun/2026 08:35:49] "POST /transcribe HTTP/1.1" 200 -
127.0.0.1 - - [06/Jun/2026 08:35:52] "POST /transcribe HTTP/1.1" 200 -
/Users/philipyeo/jarvis/venv/lib/python3.14/site-packages/whisper/transcribe.py:132: UserWarning: FP16 is not supported on CPU; using FP32 instead
  warnings.warn("FP16 is not supported on CPU; using FP32 instead")
127.0.0.1 - - [06/Jun/2026 10:56:25] "POST /transcribe HTTP/1.1" 200 -
/Users/philipyeo/jarvis/venv/lib/python3.14/site-packages/whisper/transcribe.py:132: UserWarning: FP16 is not supported on CPU; using FP32 instead
  warnings.warn("FP16 is not supported on CPU; using FP32 instead")
/Library/Frameworks/Python.framework/Versions/3.14/lib/python3.14/multiprocessing/resource_tracker.py:396: UserWarning: resource_tracker: There appear to be 1 leaked semaphore objects to clean up at shutdown: {'/mp-edgmrjt7'}
  warnings.warn(
[31m[1mWARNING: This is a development server. Do not use it in a production deployment. Use a production WSGI server instead.[0m
 * Running on https://127.0.0.1:5001
[33mPress CTRL+C to quit[0m
[31m[1mWARNING: This is a development server. Do not use it in a production deployment. Use a production WSGI server instead.[0m
 * Running on https://127.0.0.1:5001
[33mPress CTRL+C to quit[0m
[31m[1mWARNING: This is a development server. Do not use it in a production deployment. Use a production WSGI server instead.[0m
 * Running on https://127.0.0.1:5001
[33mPress CTRL+C to quit[0m
[31m[1mWARNING: This is a development server. Do not use it in a production deployment. Use a production WSGI server instead.[0m
 * Running on https://127.0.0.1:5001
[33mPress CTRL+C to quit[0m
[31m[1mWARNING: This is a development server. Do not use it in a production deployment. Use a production WSGI server instead.[0m
 * Running on https://127.0.0.1:5001
[33mPress CTRL+C to quit[0m
127.0.0.1 - - [12/Jun/2026 10:07:22] "GET /spotify/login HTTP/1.1" 200 -
127.0.0.1 - - [12/Jun/2026 10:07:23] "[33mGET /favicon.ico HTTP/1.1[0m" 404 -
[31m[1mWARNING: This is a development server. Do not use it in a production deployment. Use a production WSGI server instead.[0m
 * Running on https://127.0.0.1:5001
[33mPress CTRL+C to quit[0m
127.0.0.1 - - [12/Jun/2026 11:13:40] "GET /spotify/login HTTP/1.1" 200 -
[31m[1mWARNING: This is a development server. Do not use it in a production deployment. Use a production WSGI server instead.[0m
 * Running on https://127.0.0.1:5001
[33mPress CTRL+C to quit[0m
127.0.0.1 - - [12/Jun/2026 16:06:34] "GET /spotify/login HTTP/1.1" 200 -
127.0.0.1 - - [12/Jun/2026 16:11:16] "GET /memory/load HTTP/1.1" 200 -
127.0.0.1 - - [12/Jun/2026 16:11:19] "OPTIONS /datetime HTTP/1.1" 200 -
127.0.0.1 - - [12/Jun/2026 16:11:19] "OPTIONS /calendar/upcoming HTTP/1.1" 200 -
127.0.0.1 - - [12/Jun/2026 16:11:19] "OPTIONS /gmail/count HTTP/1.1" 200 -
127.0.0.1 - - [12/Jun/2026 16:11:19] "OPTIONS /weather HTTP/1.1" 200 -
127.0.0.1 - - [12/Jun/2026 16:11:19] "POST /datetime HTTP/1.1" 200 -
127.0.0.1 - - [12/Jun/2026 16:11:20] "POST /calendar/upcoming HTTP/1.1" 200 -
127.0.0.1 - - [12/Jun/2026 16:11:20] "POST /gmail/count HTTP/1.1" 200 -
127.0.0.1 - - [12/Jun/2026 16:11:20] "POST /weather HTTP/1.1" 200 -
127.0.0.1 - - [12/Jun/2026 16:11:41] "GET /spotify/login HTTP/1.1" 200 -
127.0.0.1 - - [12/Jun/2026 16:11:41] "OPTIONS /speak HTTP/1.1" 200 -
Opening output file failed: -54
127.0.0.1 - - [12/Jun/2026 16:11:46] "POST /speak HTTP/1.1" 200 -
127.0.0.1 - - [12/Jun/2026 16:11:48] "POST /speak HTTP/1.1" 200 -
127.0.0.1 - - [12/Jun/2026 16:11:48] "OPTIONS /speak HTTP/1.1" 200 -
127.0.0.1 - - [12/Jun/2026 16:11:51] "POST /speak HTTP/1.1" 200 -
Error: ExtAudioFileCreateWithURL failed (-48)
127.0.0.1 - - [12/Jun/2026 16:11:51] "POST /speak HTTP/1.1" 200 -
127.0.0.1 - - [12/Jun/2026 16:11:54] "POST /speak HTTP/1.1" 200 -
/Users/philipyeo/jarvis/venv/lib/python3.14/site-packages/whisper/transcribe.py:132: UserWarning: FP16 is not supported on CPU; using FP32 instead
  warnings.warn("FP16 is not supported on CPU; using FP32 instead")
127.0.0.1 - - [12/Jun/2026 16:12:11] "GET /spotify/login HTTP/1.1" 200 -
127.0.0.1 - - [12/Jun/2026 16:12:11] "OPTIONS /speak HTTP/1.1" 200 -
/Users/philipyeo/jarvis/venv/lib/python3.14/site-packages/whisper/transcribe.py:132: UserWarning: FP16 is not supported on CPU; using FP32 instead
  warnings.warn("FP16 is not supported on CPU; using FP32 instead")
127.0.0.1 - - [12/Jun/2026 16:12:18] "POST /speak HTTP/1.1" 200 -
127.0.0.1 - - [12/Jun/2026 16:12:18] "OPTIONS /speak HTTP/1.1" 200 -
127.0.0.1 - - [12/Jun/2026 16:12:18] "POST /transcribe HTTP/1.1" 200 -
127.0.0.1 - - [12/Jun/2026 16:12:18] "POST /transcribe HTTP/1.1" 200 -
127.0.0.1 - - [12/Jun/2026 16:12:18] "POST /transcribe HTTP/1.1" 200 -
127.0.0.1 - - [12/Jun/2026 16:12:18] "POST /transcribe HTTP/1.1" 200 -
127.0.0.1 - - [12/Jun/2026 16:12:22] "POST /speak HTTP/1.1" 200 -
/Users/philipyeo/jarvis/venv/lib/python3.14/site-packages/whisper/transcribe.py:132: UserWarning: FP16 is not supported on CPU; using FP32 instead
  warnings.warn("FP16 is not supported on CPU; using FP32 instead")
127.0.0.1 - - [12/Jun/2026 16:12:27] "POST /transcribe HTTP/1.1" 200 -
127.0.0.1 - - [12/Jun/2026 16:12:40] "OPTIONS /speak HTTP/1.1" 200 -
/Users/philipyeo/jarvis/venv/lib/python3.14/site-packages/whisper/transcribe.py:132: UserWarning: FP16 is not supported on CPU; using FP32 instead
  warnings.warn("FP16 is not supported on CPU; using FP32 instead")
127.0.0.1 - - [12/Jun/2026 16:12:49] "OPTIONS /memory/save HTTP/1.1" 200 -
127.0.0.1 - - [12/Jun/2026 16:12:49] "POST /memory/save HTTP/1.1" 200 -
127.0.0.1 - - [12/Jun/2026 16:12:51] "POST /speak HTTP/1.1" 200 -
127.0.0.1 - - [12/Jun/2026 16:12:51] "OPTIONS /speak HTTP/1.1" 200 -
127.0.0.1 - - [12/Jun/2026 16:12:55] "POST /speak HTTP/1.1" 200 -
127.0.0.1 - - [12/Jun/2026 16:12:56] "POST /transcribe HTTP/1.1" 200 -
127.0.0.1 - - [12/Jun/2026 16:12:58] "OPTIONS /speak HTTP/1.1" 200 -
127.0.0.1 - - [12/Jun/2026 16:13:00] "POST /speak HTTP/1.1" 200 -
[31m[1mWARNING: This is a development server. Do not use it in a production deployment. Use a production WSGI server instead.[0m
 * Running on https://127.0.0.1:5001
[33mPress CTRL+C to quit[0m
